Date,Valor,MedioDeCompra,MedioDePago,Comprador,Pagado,Categoria,linkDocSoporte,Proveedor_Id,_id,Concepto
12/10/2024,86400,COMPRA,EFECTIVO,,"{""pagadoFull"":true,""adelanto"":""NoAplica""}",COCINA,,3f8b3eaf-cfdb-43f7-98bf-ca5b1d3fa75b,008ce943-8984-42b4-87ff-67366ba7a972,INSUMOS
2/11/2025,122100,COMPRA,EFECTIVO,Alejandro,"{""pagadoFull"":true,""adelanto"":""NoAplica""}",COCINA,,3f8b3eaf-cfdb-43f7-98bf-ca5b1d3fa75b,016c7bc0-91ae-47a7-9109-0fab677cc4a7,INSUMOS
4/19/2025,29600,COMPRA,EFECTIVO,,"{""pagadoFull"":false,""adelanto"":""NoAplica""}",COCINA,,7935f9e6-2a57-4390-8c07-d3db259fe0d7,01724f60-1eb1-46e9-8418-1acfe7263f50,INSUMOS
3/31/2025,412792,COMPRA,TARJETA,,"{""pagadoFull"":false,""adelanto"":""NoAplica""}",COCINA,,bf50a92f-d7c4-46c4-97fc-3d674731ed04,035e8159-bc66-4c73-8bb6-d2daf915e8ed,INSUMOS
3/31/2025,57530,COMPRA,EFECTIVO,,"{""pagadoFull"":false,""adelanto"":""NoAplica""}",COCINA,,3f8b3eaf-cfdb-43f7-98bf-ca5b1d3fa75b,03bf8d18-c5f9-42b2-ae1e-e01e69ae1073,INSUMOS
4/19/2025,96698,COMPRA,EFECTIVO,,"{""pagadoFull"":false,""adelanto"":""NoAplica""}",COCINA,,48fabbbe-5d2c-4f7d-a3a8-811de5695420,03c6a571-5ab8-4907-b0fc-330c427a7874,INSUMOS
12/15/2024,39200,COMPRA,EFECTIVO,,"{""pagadoFull"":true,""adelanto"":""NoAplica""}",COCINA,,3f8b3eaf-cfdb-43f7-98bf-ca5b1d3fa75b,0523accc-38b5-47e8-b2fd-a5ef0fcc8839,INSUMOS
4/19/2025,60800,COMPRA,QR,,"{""pagadoFull"":false,""adelanto"":""NoAplica""}",CAFE,,7c6d41b8-5eaa-4792-aa1e-07dff61bb921,05789789-01d2-49f3-9c9e-49c5b8ef84f1,INSUMOS
4/19/2025,63600,COMPRA,QR,,"{""pagadoFull"":false,""adelanto"":""NoAplica""}",CAFE,,7c6d41b8-5eaa-4792-aa1e-07dff61bb921,060cf210-9b9f-4395-a53a-007fed4863a3,INSUMOS
4/19/2025,28000,COMPRA,EFECTIVO,,"{""pagadoFull"":false,""adelanto"":""NoAplica""}",COCINA,,b78472f1-c43c-4b08-804b-3abfe4f7c217,071538c0-0bdd-4d61-a478-36497ff28d66,NOMINA
3/31/2025,57590,COMPRA,EFECTIVO,,"{""pagadoFull"":false,""adelanto"":""NoAplica""}",COCINA,,3f8b3eaf-cfdb-43f7-98bf-ca5b1d3fa75b,0780ac30-b4f7-4422-9fd9-1e389964cd1f,INSUMOS
4/19/2025,119000,PEDIDO,EFECTIVO,,"{""pagadoFull"":false,""adelanto"":""NoAplica""}",CAFE,,1dbf980f-fa0d-4c9d-8ac0-6664dc7c1318,07c5d4b9-78fb-40db-9cdb-95f2657c37ad,INSUMOS
6/12/2025,57200,COMPRA,TARJETA,,"{""pagadoFull"":true,""adelanto"":""NoAplica""}",COCINA,,3f8b3eaf-cfdb-43f7-98bf-ca5b1d3fa75b,07e30884-cd19-4e15-9c00-185b0e2ee771,INSUMOS
4/19/2025,217300,COMPRA,EFECTIVO,,"{""pagadoFull"":false,""adelanto"":""NoAplica""}",COCINA,,b0ae9f45-a64e-4ad3-b11f-32eb17986cba,0928c63e-9ece-408b-ab11-de4e9ab8fbf6,INSUMOS
2/27/2025,65550,COMPRA,EFECTIVO,,"{""pagadoFull"":false,""adelanto"":""NoAplica""}",COCINA,,3f8b3eaf-cfdb-43f7-98bf-ca5b1d3fa75b,09883cdc-ba07-4945-a886-b6d01513f677,INSUMOS
4/19/2025,28850,COMPRA,EFECTIVO,,"{""pagadoFull"":false,""adelanto"":""NoAplica""}",COCINA,,7935f9e6-2a57-4390-8c07-d3db259fe0d7,098c90b0-ddfc-4f19-b5f7-a8ccc65276c2,NOMINA
4/19/2025,86400,COMPRA,TARJETA,,"{""pagadoFull"":false,""adelanto"":""NoAplica""}",CAFE,,7c6d41b8-5eaa-4792-aa1e-07dff61bb921,09f8acad-00b2-4c07-a758-919bd3631590,NOMINA
4/22/2025,25649,PEDIDO,EFECTIVO,,"{""pagadoFull"":false,""adelanto"":""NoAplica""}",COCINA,,f080ad98-583f-49bd-adc3-447e27c727ef,0a7dae59-eea1-4045-8f84-73a056cf0ae3,INSUMOS
4/16/2025,25080,COMPRA,EFECTIVO,,"{""pagadoFull"":false,""adelanto"":""NoAplica""}",COCINA,,6b38db3f-c7dc-4aa6-8ed6-dc792ecf146d,0a8e8839-2fe2-4901-90a2-3d06f36e10eb,INSUMOS
4/19/2025,29496,COMPRA,QR,,"{""pagadoFull"":false,""adelanto"":""NoAplica""}",COCINA,,f080ad98-583f-49bd-adc3-447e27c727ef,0af34c4d-6e3c-42b0-b054-c528bb3695e5,INSUMOS
5/20/2025,483353,COMPRA,EFECTIVO,,"{""pagadoFull"":true,""adelanto"":""NoAplica""}",COCINA,,bf50a92f-d7c4-46c4-97fc-3d674731ed04,0b8bed2f-3511-44bc-88f8-6d8f4b00c0bc,INSUMOS
4/19/2025,27000,COMPRA,EFECTIVO,,"{""pagadoFull"":false,""adelanto"":""NoAplica""}",COCINA,,61637791-2d45-4a1f-8039-1e2d0e4f178a,0b99934a-13cd-43d5-8a46-47baed5e1f23,INSUMOS
6/6/2025,189384,COMPRA,EFECTIVO,,"{""pagadoFull"":true,""adelanto"":""NoAplica""}",COCINA,,48fabbbe-5d2c-4f7d-a3a8-811de5695420,0c22d1d4-dd22-4676-bc0a-0ef0bf71545f,INSUMOS
4/19/2025,5490,COMPRA,EFECTIVO,,"{""pagadoFull"":false,""adelanto"":""NoAplica""}",COCINA,,6b38db3f-c7dc-4aa6-8ed6-dc792ecf146d,0db25991-b67f-4e55-bec2-c0b6f3942737,INSUMOS
4/19/2025,18990,COMPRA,EFECTIVO,,"{""pagadoFull"":false,""adelanto"":""NoAplica""}",COCINA,,bf50a92f-d7c4-46c4-97fc-3d674731ed04,0ecdee5a-f1d5-4713-bfa2-9b3bd0e7af94,NOMINA
12/24/2024,19511,COMPRA,EFECTIVO,,"{""pagadoFull"":true,""adelanto"":""NoAplica""}",COCINA,,6b38db3f-c7dc-4aa6-8ed6-dc792ecf146d,0f410e24-2358-459b-8a3a-8b13e20cca22,INSUMOS
4/19/2025,65150,COMPRA,TARJETA,,"{""pagadoFull"":false,""adelanto"":""NoAplica""}",COCINA,,3f8b3eaf-cfdb-43f7-98bf-ca5b1d3fa75b,0f885955-e8e4-4121-8e06-309905259032,INSUMOS
4/16/2025,64500,PEDIDO,EFECTIVO,,"{""pagadoFull"":false,""adelanto"":""NoAplica""}",COCINA,,3f8b3eaf-cfdb-43f7-98bf-ca5b1d3fa75b,0fbdc181-5616-4dfe-8489-18a334543c17,INSUMOS
4/19/2025,177327,COMPRA,EFECTIVO,,"{""pagadoFull"":false,""adelanto"":""NoAplica""}",COCINA,,48fabbbe-5d2c-4f7d-a3a8-811de5695420,107fdc6b-27be-40bc-91c4-fdff3d167a67,INSUMOS
4/15/2025,62500,COMPRA,EFECTIVO,,"{""pagadoFull"":true,""adelanto"":""NoAplica""}",COCINA,,b0ae9f45-a64e-4ad3-b11f-32eb17986cba,11811e4f-9f9a-4aba-862d-7ed0bd794492,INSUMOS
2/27/2025,23750,COMPRA,EFECTIVO,,"{""pagadoFull"":false,""adelanto"":""NoAplica""}",COCINA,,3f8b3eaf-cfdb-43f7-98bf-ca5b1d3fa75b,1231585b-2037-409e-89f2-a1619a58ec6e,INSUMOS
4/19/2025,91900,PEDIDO,QR,,"{""pagadoFull"":false,""adelanto"":""NoAplica""}",COCINA,,b0ae9f45-a64e-4ad3-b11f-32eb17986cba,12f7112e-c324-4ede-bcf4-962ade0502d9,INSUMOS
4/22/2025,886471,COMPRA,QR,,"{""pagadoFull"":false,""adelanto"":""NoAplica""}",CAFE,,c71e75e4-92d0-4293-8f27-66abc5292fc9,13130292-05f7-4066-905d-1823df72db2f,SITIO
4/16/2025,35008,COMPRA,TARJETA,,"{""pagadoFull"":false,""adelanto"":""NoAplica""}",COCINA,,6b38db3f-c7dc-4aa6-8ed6-dc792ecf146d,136bad87-a750-4620-9d77-0118bb1fb922,INSUMOS
2/27/2025,122100,COMPRA,EFECTIVO,,"{""pagadoFull"":false,""adelanto"":""NoAplica""}",COCINA,,3f8b3eaf-cfdb-43f7-98bf-ca5b1d3fa75b,14a23d2e-4b79-4066-86d2-2584d2b86864,INSUMOS
3/31/2025,447106,COMPRA,TARJETA,,"{""pagadoFull"":false,""adelanto"":""NoAplica""}",COCINA,,bf50a92f-d7c4-46c4-97fc-3d674731ed04,14bcd62a-8480-48cc-b0aa-375e20c4ab54,INSUMOS
4/22/2025,116450,COMPRA,TARJETA,,"{""pagadoFull"":false,""adelanto"":""NoAplica""}",COCINA,,3f8b3eaf-cfdb-43f7-98bf-ca5b1d3fa75b,14daba79-72d4-4780-b3a2-2971abe3d80e,INSUMOS
4/19/2025,19990,COMPRA,EFECTIVO,,"{""pagadoFull"":false,""adelanto"":""NoAplica""}",COCINA,,10764f6e-7040-4e85-8a29-e3553150c934,15d0fc56-0e90-42ab-8a82-12f85dfc8743,INSUMOS
4/19/2025,39140,COMPRA,EFECTIVO,,"{""pagadoFull"":false,""adelanto"":""NoAplica""}",COCINA,,10764f6e-7040-4e85-8a29-e3553150c934,16027373-575a-4333-b06e-aef03db82600,INSUMOS
4/19/2025,67790,COMPRA,EFECTIVO,,"{""pagadoFull"":false,""adelanto"":""NoAplica""}",COCINA,,3f8b3eaf-cfdb-43f7-98bf-ca5b1d3fa75b,170235d6-0f93-4ba2-9a62-1fdc4b1c1fbc,INSUMOS
4/5/2025,31000,COMPRA,EFECTIVO,,"{""pagadoFull"":false,""adelanto"":""NoAplica""}",,,7935f9e6-2a57-4390-8c07-d3db259fe0d7,181a82d3-b120-4dcc-b2aa-4b4acbbae5e5,INSUMOS
4/19/2025,59350,PEDIDO,EFECTIVO,,"{""pagadoFull"":false,""adelanto"":""NoAplica""}",COCINA,,3f8b3eaf-cfdb-43f7-98bf-ca5b1d3fa75b,18511f88-893f-44c4-a540-d0f83cdca43f,INSUMOS
3/31/2025,4600,COMPRA,EFECTIVO,,"{""pagadoFull"":false,""adelanto"":""NoAplica""}",COCINA,,3f8b3eaf-cfdb-43f7-98bf-ca5b1d3fa75b,198628f9-8763-44fd-a538-825292414fec,INSUMOS
4/16/2025,39200,COMPRA,EFECTIVO,,"{""pagadoFull"":false,""adelanto"":""NoAplica""}",COCINA,,3f8b3eaf-cfdb-43f7-98bf-ca5b1d3fa75b,19ae4ca0-eada-4699-8cda-c453e1486ea5,INSUMOS
3/17/2025,24050,COMPRA,TARJETA,A,"{""pagadoFull"":false,""adelanto"":""NoAplica""}",COCINA,,10764f6e-7040-4e85-8a29-e3553150c934,1a8bd6eb-bfb7-470b-832c-cd53740d0b3f,INSUMOS
4/19/2025,20050,COMPRA,EFECTIVO,,"{""pagadoFull"":false,""adelanto"":""NoAplica""}",COCINA,,7935f9e6-2a57-4390-8c07-d3db259fe0d7,1bab7583-a2ee-4f76-8210-b7fa721bce50,INSUMOS
4/16/2025,222155,COMPRA,EFECTIVO,,"{""pagadoFull"":false,""adelanto"":""NoAplica""}",COCINA,,48fabbbe-5d2c-4f7d-a3a8-811de5695420,1d08ef01-b160-4cac-a739-22d70b995122,INSUMOS
4/19/2025,21330,COMPRA,EFECTIVO,,"{""pagadoFull"":false,""adelanto"":""NoAplica""}",COCINA,,6b38db3f-c7dc-4aa6-8ed6-dc792ecf146d,1d231d74-7bc0-4ed9-80e6-dd34d74cc8ca,INSUMOS
4/5/2025,82550,COMPRA,EFECTIVO,,"{""pagadoFull"":false,""adelanto"":""NoAplica""}",COCINA,,3f8b3eaf-cfdb-43f7-98bf-ca5b1d3fa75b,1d30d715-7e36-4343-a969-bcfcdc3d4215,INSUMOS
2/27/2025,14500,COMPRA,EFECTIVO,,"{""pagadoFull"":false,""adelanto"":""NoAplica""}",COCINA,,10764f6e-7040-4e85-8a29-e3553150c934,1d56e965-d9c7-403f-92cf-f6b6aa31a74b,INSUMOS
2/27/2025,163880,COMPRA,TARJETA,,"{""pagadoFull"":false,""adelanto"":""NoAplica""}",COCINA,,3f8b3eaf-cfdb-43f7-98bf-ca5b1d3fa75b,1f27af6a-d599-4338-8b29-350a13c0f0af,INSUMOS
4/16/2025,35010,COMPRA,EFECTIVO,,"{""pagadoFull"":false,""adelanto"":""NoAplica""}",COCINA,,15d9dd3f-ce5b-4d73-ae68-2067725abdd2,1f69cb76-c8e0-4ec4-bdff-6b2f7f9ef93e,INSUMOS
4/19/2025,238788,COMPRA,EFECTIVO,,"{""pagadoFull"":false,""adelanto"":""NoAplica""}",COCINA,,48fabbbe-5d2c-4f7d-a3a8-811de5695420,1faca05b-2513-4049-9a8a-b02ac7c75af1,INSUMOS
4/22/2025,168490,COMPRA,EFECTIVO,,"{""pagadoFull"":false,""adelanto"":""NoAplica""}",COCINA,,07afef02-d753-4a70-9f72-854f2d970884,1faf1d5c-6ec8-4e08-97c5-58e733834f06,INSUMOS
5/19/2025,20000,COMPRA,EFECTIVO,,"{""pagadoFull"":true,""adelanto"":""NoAplica""}",COCINA,,4463dd9f-f085-4ccc-9b61-ec28cf332153,203d51c5-fde6-49ad-9c2f-62174e27e127,INSUMOS
4/5/2025,11000,COMPRA,TARJETA,,"{""pagadoFull"":false,""adelanto"":""NoAplica""}",COCINA,,6b38db3f-c7dc-4aa6-8ed6-dc792ecf146d,20c5a3da-66d4-433b-9d9c-5379d518f4f6,INSUMOS
4/22/2025,1035121,COMPRA,QR,,"{""pagadoFull"":true,""adelanto"":""NoAplica""}",CAFE,,c71e75e4-92d0-4293-8f27-66abc5292fc9,20cb36b0-e9cc-462d-a58f-fc3dd194c7a6,INSUMOS
2/27/2025,9650,COMPRA,EFECTIVO,Sam,"{""pagadoFull"":false,""adelanto"":""NoAplica""}",COCINA,,3f8b3eaf-cfdb-43f7-98bf-ca5b1d3fa75b,2117bd76-c695-44d1-83f3-f109a8ce42cb,INSUMOS
6/6/2025,12000,COMPRA,EFECTIVO,,"{""pagadoFull"":true,""adelanto"":""NoAplica""}",COCINA,,4463dd9f-f085-4ccc-9b61-ec28cf332153,21812205-96e5-4a93-94a4-e5b19fe96227,INSUMOS
4/22/2025,5980,COMPRA,EFECTIVO,,"{""pagadoFull"":false,""adelanto"":""NoAplica""}",COCINA,,10764f6e-7040-4e85-8a29-e3553150c934,21edf815-6b75-4655-8222-ec04c5e382bf,INSUMOS
4/19/2025,7500,COMPRA,EFECTIVO,,"{""pagadoFull"":false,""adelanto"":""NoAplica""}",COCINA,,3f8b3eaf-cfdb-43f7-98bf-ca5b1d3fa75b,22cc9e44-a320-47a4-832d-9edfdb987317,INSUMOS
4/19/2025,6990,COMPRA,EFECTIVO,,"{""pagadoFull"":false,""adelanto"":""NoAplica""}",COCINA,,10764f6e-7040-4e85-8a29-e3553150c934,22de4087-431d-4b37-9e31-c08b903fbdd1,INSUMOS
4/28/2025,139950,COMPRA,TARJETA,,"{""pagadoFull"":true,""adelanto"":""NoAplica""}",COCINA,,3f8b3eaf-cfdb-43f7-98bf-ca5b1d3fa75b,24fded0f-0704-4e7a-82ed-83f65eaff863,INSUMOS
4/5/2025,80400,COMPRA,QR,,"{""pagadoFull"":false,""adelanto"":""NoAplica""}",COCINA,,7c6d41b8-5eaa-4792-aa1e-07dff61bb921,251c48a3-8e26-4b79-8c77-f892ca93ad81,INSUMOS
12/17/2024,24800,COMPRA,EFECTIVO,,"{""pagadoFull"":true,""adelanto"":""NoAplica""}",COCINA,,3f8b3eaf-cfdb-43f7-98bf-ca5b1d3fa75b,258dd3b0-ef06-4866-94d5-ad08ca9d55d8,INSUMOS
2/10/2025,20000,COMPRA,EFECTIVO,Alejandro,"{""pagadoFull"":true,""adelanto"":""NoAplica""}",COCINA,,0b3d5315-95cf-4ebf-a7a5-585d512e3fdb,25b935a0-db31-4117-b161-928d61ed3446,INSUMOS
4/19/2025,340800,COMPRA,EFECTIVO,,"{""pagadoFull"":false,""adelanto"":""NoAplica""}",CAFE,,1dbf980f-fa0d-4c9d-8ac0-6664dc7c1318,26a60e10-9a15-4d6f-9f5a-653feef7930a,INSUMOS
12/31/2024,65700,COMPRA,EFECTIVO,,"{""pagadoFull"":true,""adelanto"":""NoAplica""}",COCINA,,ffe9771f-2f20-4bc1-a8c0-893e494ecac5,26daf43e-22fe-4faf-9a46-b37e42d601b3,INSUMOS
4/19/2025,334635,COMPRA,EFECTIVO,,"{""pagadoFull"":false,""adelanto"":""NoAplica""}",COCINA,,bf50a92f-d7c4-46c4-97fc-3d674731ed04,26edbecd-dde3-4ac9-96a4-71deedfe0a46,INSUMOS
12/24/2024,50774,COMPRA,EFECTIVO,,"{""pagadoFull"":true,""adelanto"":""NoAplica""}",CAFE,,b0ae9f45-a64e-4ad3-b11f-32eb17986cba,270699b7-d880-4b29-9d7a-5b8049bff856,INSUMOS
4/19/2025,70775,COMPRA,EFECTIVO,,"{""pagadoFull"":false,""adelanto"":""NoAplica""}",COCINA,,bf50a92f-d7c4-46c4-97fc-3d674731ed04,28eebffd-5acc-4a3b-af3e-3200a6716695,INSUMOS
1/7/2025,4200,COMPRA,EFECTIVO,,"{""pagadoFull"":true,""adelanto"":""NoAplica""}",COCINA,,3f8b3eaf-cfdb-43f7-98bf-ca5b1d3fa75b,293e1f2a-de3c-482c-a925-5654f96c97f5,INSUMOS
12/5/2024,13950,COMPRA,EFECTIVO,,"{""pagadoFull"":true,""adelanto"":""NoAplica""}",COCINA,,10764f6e-7040-4e85-8a29-e3553150c934,2aa04984-a7f2-42dc-98d1-63fb882352c5,INSUMOS
4/19/2025,371000,COMPRA,EFECTIVO,,"{""pagadoFull"":false,""adelanto"":""NoAplica""}",COCINA,,1dbf980f-fa0d-4c9d-8ac0-6664dc7c1318,2af1bbce-fe72-4ce4-a429-8c285ebce69f,INSUMOS
4/7/2025,25080,COMPRA,EFECTIVO,,"{""pagadoFull"":false,""adelanto"":""NoAplica""}",COCINA,,6b38db3f-c7dc-4aa6-8ed6-dc792ecf146d,2dd67182-327d-4050-99e1-21a6b55ca5d8,INSUMOS
4/19/2025,35850,PEDIDO,TARJETA,,"{""pagadoFull"":false,""adelanto"":""NoAplica""}",COCINA,,3f8b3eaf-cfdb-43f7-98bf-ca5b1d3fa75b,2e0197f4-ab3b-45ea-8d38-752c888393a9,NOMINA
4/22/2025,51720,COMPRA,EFECTIVO,,"{""pagadoFull"":false,""adelanto"":""NoAplica""}",COCINA,,15d9dd3f-ce5b-4d73-ae68-2067725abdd2,2e3aa294-42d7-4bb1-97dd-ed289332eef5,INSUMOS
4/19/2025,86400,COMPRA,QR,,"{""pagadoFull"":false,""adelanto"":""NoAplica""}",COCINA,,7c6d41b8-5eaa-4792-aa1e-07dff61bb921,2e550923-0f7b-47c2-aae6-9cbb5f4e7702,INSUMOS
5/12/2025,28241,COMPRA,EFECTIVO,,"{""pagadoFull"":true,""adelanto"":""NoAplica""}",COCINA,,6b38db3f-c7dc-4aa6-8ed6-dc792ecf146d,2efec62d-20ee-49cc-a66a-15d91749a50f,INSUMOS
4/19/2025,28000,PEDIDO,EFECTIVO,,"{""pagadoFull"":false,""adelanto"":""NoAplica""}",COCINA,,b78472f1-c43c-4b08-804b-3abfe4f7c217,2f50c370-e31f-44e8-85bb-4fac293df54e,INSUMOS
4/22/2025,121200,COMPRA,EFECTIVO,,"{""pagadoFull"":true,""adelanto"":""NoAplica""}",COCINA,,f080ad98-583f-49bd-adc3-447e27c727ef,2f94f78b-9b6d-4dac-b4ee-1d9fb49486c5,INSUMOS
4/22/2025,9800,COMPRA,EFECTIVO,,"{""pagadoFull"":false,""adelanto"":""NoAplica""}",COCINA,,10764f6e-7040-4e85-8a29-e3553150c934,302b532c-feff-4ed3-894d-7622f16c8517,INSUMOS
4/19/2025,71200,COMPRA,QR,,"{""pagadoFull"":false,""adelanto"":""NoAplica""}",CAFE,,7c6d41b8-5eaa-4792-aa1e-07dff61bb921,30a076f7-0c94-44b3-be7c-b96b674280ec,INSUMOS
10/19/2024,49950,COMPRA,EFECTIVO,,"{""pagadoFull"":true,""adelanto"":""NoAplica""}",COCINA,,3f8b3eaf-cfdb-43f7-98bf-ca5b1d3fa75b,319529ba-ef0d-404d-be60-3c3a78b56adb,INSUMOS
4/23/2025,10000000000000000,PEDIDO,EFECTIVO,a,"{""pagadoFull"":true,""adelanto"":""NoAplica""}",COCINA,,15d9dd3f-ce5b-4d73-ae68-2067725abdd2,31fa852f-55b7-41ac-abec-e300615fe5fa,INSUMOS
3/17/2025,8050,COMPRA,EFECTIVO,,"{""pagadoFull"":false,""adelanto"":""NoAplica""}",COCINA,,3f8b3eaf-cfdb-43f7-98bf-ca5b1d3fa75b,32166e88-f62d-4cf1-80ea-70463fa68760,INSUMOS
4/19/2025,5400,COMPRA,EFECTIVO,,"{""pagadoFull"":false,""adelanto"":""NoAplica""}",COCINA,,7f99c83d-3f4d-4455-8116-224c168c54da,323d51b7-3f17-457b-b7b5-e23dc6bab52f,INSUMOS
2/27/2025,97800,COMPRA,EFECTIVO,,"{""pagadoFull"":false,""adelanto"":""NoAplica""}",COCINA,,3f8b3eaf-cfdb-43f7-98bf-ca5b1d3fa75b,324383a1-2b22-4296-81eb-c08673eb9314,INSUMOS
4/19/2025,28300,COMPRA,EFECTIVO,,"{""pagadoFull"":false,""adelanto"":""NoAplica""}",COCINA,,3f8b3eaf-cfdb-43f7-98bf-ca5b1d3fa75b,326b0ad9-d984-448b-9ffa-e21e63a93c46,INSUMOS
1/14/2025,28350,COMPRA,EFECTIVO,,"{""pagadoFull"":true,""adelanto"":""NoAplica""}",COCINA,,3f8b3eaf-cfdb-43f7-98bf-ca5b1d3fa75b,32d202e6-e37e-4c7b-96c6-d8ab7fd81318,INSUMOS
4/19/2025,16600,COMPRA,EFECTIVO,,"{""pagadoFull"":false,""adelanto"":""NoAplica""}",COCINA,,3f8b3eaf-cfdb-43f7-98bf-ca5b1d3fa75b,33648662-f4f8-4297-8a22-ea435b2c87dc,INSUMOS
4/5/2025,4352,COMPRA,EFECTIVO,,"{""pagadoFull"":false,""adelanto"":""NoAplica""}",COCINA,,f080ad98-583f-49bd-adc3-447e27c727ef,33693464-bc80-4142-80f0-6cae3d1ab6cc,INSUMOS
2/27/2025,47100,COMPRA,EFECTIVO,,"{""pagadoFull"":false,""adelanto"":""NoAplica""}",COCINA,,3f8b3eaf-cfdb-43f7-98bf-ca5b1d3fa75b,33ca204f-ec9e-48d4-8c75-4e3af1d1c1a0,INSUMOS
4/22/2025,1047178,COMPRA,QR,,"{""pagadoFull"":false,""adelanto"":""NoAplica""}",CAFE,,c71e75e4-92d0-4293-8f27-66abc5292fc9,347be04b-4d6c-4a86-ac09-0bcaaa90adc0,SITIO
4/5/2025,84100,,EFECTIVO,,"{""pagadoFull"":false,""adelanto"":""NoAplica""}",COCINA,,3f8b3eaf-cfdb-43f7-98bf-ca5b1d3fa75b,36733895-d0ce-4fcc-8e79-cc8ba7fbe8fd,INSUMOS
4/19/2025,25000,COMPRA,EFECTIVO,,"{""pagadoFull"":false,""adelanto"":""NoAplica""}",COCINA,,b78472f1-c43c-4b08-804b-3abfe4f7c217,367a2c54-7b9c-4712-b830-302582b005dd,INSUMOS
4/25/2025,60400,COMPRA,TARJETA,,"{""pagadoFull"":true,""adelanto"":""NoAplica""}",COCINA,,3f8b3eaf-cfdb-43f7-98bf-ca5b1d3fa75b,36890b6d-f0e9-46f7-a491-2249fa07d1da,INSUMOS
6/7/2025,8900,COMPRA,EFECTIVO,,"{""pagadoFull"":true,""adelanto"":""NoAplica""}",COCINA,,10764f6e-7040-4e85-8a29-e3553150c934,36cbf890-ab94-441f-861a-5f0f28bd574a,INSUMOS
4/30/2025,44550,COMPRA,EFECTIVO,,"{""pagadoFull"":true,""adelanto"":""NoAplica""}",COCINA,,3f8b3eaf-cfdb-43f7-98bf-ca5b1d3fa75b,370f029d-8c56-48ab-b192-02a33029e01a,INSUMOS
1/8/2025,121300,COMPRA,EFECTIVO,,"{""pagadoFull"":true,""adelanto"":""NoAplica""}",COCINA,,b0ae9f45-a64e-4ad3-b11f-32eb17986cba,38641ab7-f49f-4cdb-9fd6-45263b62e11b,INSUMOS
3/31/2025,95932,COMPRA,TARJETA,,"{""pagadoFull"":false,""adelanto"":""NoAplica""}",COCINA,,bf50a92f-d7c4-46c4-97fc-3d674731ed04,389edd88-18e1-462c-9cad-cc4cd0ab0d85,INSUMOS
12/27/2024,27000,COMPRA,EFECTIVO,,"{""pagadoFull"":true,""adelanto"":""NoAplica""}",COCINA,,3f8b3eaf-cfdb-43f7-98bf-ca5b1d3fa75b,38a44f42-7086-4627-bffd-52686c5de6b2,INSUMOS
2/27/2025,38300,COMPRA,EFECTIVO,A,"{""pagadoFull"":false,""adelanto"":""NoAplica""}",COCINA,,3f8b3eaf-cfdb-43f7-98bf-ca5b1d3fa75b,38c8dbf8-29a6-4f03-a61b-d08eda797228,INSUMOS
3/17/2025,,COMPRA,EFECTIVO,a,"{""pagadoFull"":false,""adelanto"":""NoAplica""}",COCINA,,6b38db3f-c7dc-4aa6-8ed6-dc792ecf146d,3c99dabd-3c98-426e-bf9a-bafbad479601,INSUMOS
4/19/2025,29100,COMPRA,EFECTIVO,,"{""pagadoFull"":false,""adelanto"":""NoAplica""}",COCINA,,7935f9e6-2a57-4390-8c07-d3db259fe0d7,3c9e40dd-e8a4-4b47-baa2-8ff8267cabd0,NOMINA
4/16/2025,47500,COMPRA,TARJETA,,"{""pagadoFull"":false,""adelanto"":""NoAplica""}",COCINA,,3f8b3eaf-cfdb-43f7-98bf-ca5b1d3fa75b,3cfffef2-1ee8-4cc1-adf4-d4a0505486d6,INSUMOS
4/16/2025,10780,COMPRA,EFECTIVO,,"{""pagadoFull"":false,""adelanto"":""NoAplica""}",COCINA,,6b38db3f-c7dc-4aa6-8ed6-dc792ecf146d,3da5cc3b-04f5-489e-bc0b-2a9afaf1a00b,INSUMOS
4/29/2025,88200,COMPRA,QR,,"{""pagadoFull"":true,""adelanto"":""NoAplica""}",COCINA,,7c6d41b8-5eaa-4792-aa1e-07dff61bb921,3daf2056-f005-4e2e-91c4-f5420c09a73f,INSUMOS
4/22/2025,10000,COMPRA,EFECTIVO,,"{""pagadoFull"":false,""adelanto"":""NoAplica""}",COCINA,,07afef02-d753-4a70-9f72-854f2d970884,40fd0410-f6e3-43c3-b3f2-ac919d097408,INSUMOS
4/19/2025,100750,COMPRA,EFECTIVO,,"{""pagadoFull"":false,""adelanto"":""NoAplica""}",COCINA,,3f8b3eaf-cfdb-43f7-98bf-ca5b1d3fa75b,417b2793-6a2e-4563-8e14-6e668aa6f471,INSUMOS
4/26/2025,58950,COMPRA,TARJETA,,"{""pagadoFull"":true,""adelanto"":""NoAplica""}",COCINA,,3f8b3eaf-cfdb-43f7-98bf-ca5b1d3fa75b,429eba7b-3022-4a4c-b104-c6b25a6f63c8,INSUMOS
4/16/2025,34800,COMPRA,EFECTIVO,,"{""pagadoFull"":false,""adelanto"":""NoAplica""}",,,3f8b3eaf-cfdb-43f7-98bf-ca5b1d3fa75b,4366c37c-934b-4ac6-8bef-5c420ed006b5,INSUMOS
4/19/2025,274402,COMPRA,EFECTIVO,,"{""pagadoFull"":false,""adelanto"":""NoAplica""}",,,bf50a92f-d7c4-46c4-97fc-3d674731ed04,43c6673b-68ff-4efe-9bf7-6d279c15e19c,INSUMOS
4/19/2025,5600,PEDIDO,EFECTIVO,,"{""pagadoFull"":false,""adelanto"":""NoAplica""}",COCINA,,10764f6e-7040-4e85-8a29-e3553150c934,44e42b10-3c64-4470-8eea-f39f672d4596,NOMINA
6/6/2025,496200,COMPRA,EFECTIVO,,"{""pagadoFull"":true,""adelanto"":""NoAplica""}",COCINA,,f080ad98-583f-49bd-adc3-447e27c727ef,4521fa16-50f6-41ca-9aba-8220a06202bf,INSUMOS
4/5/2025,11700,COMPRA,EFECTIVO,,"{""pagadoFull"":false,""adelanto"":""NoAplica""}",COCINA,,3f8b3eaf-cfdb-43f7-98bf-ca5b1d3fa75b,457397a1-fb46-4e88-87ec-bce9dcb45ec3,INSUMOS
4/19/2025,81220,COMPRA,EFECTIVO,,"{""pagadoFull"":false,""adelanto"":""NoAplica""}",COCINA,,f080ad98-583f-49bd-adc3-447e27c727ef,46797d9b-279b-4368-9c1c-8da56f475ce4,INSUMOS
1/16/2025,138000,COMPRA,EFECTIVO,,"{""pagadoFull"":true,""adelanto"":""NoAplica""}",COCINA,,80d9f3fa-e25b-4dd6-86e5-40dba660b228,46c70c6c-d559-452f-b577-582ce20e6086,INSUMOS
4/26/2025,50850,COMPRA,TARJETA,,"{""pagadoFull"":true,""adelanto"":""NoAplica""}",COCINA,,10764f6e-7040-4e85-8a29-e3553150c934,46cc72f2-0d9c-449e-b63d-51a3c7f5ab19,INSUMOS
4/30/2025,22950,COMPRA,EFECTIVO,,"{""pagadoFull"":true,""adelanto"":""NoAplica""}",COCINA,,be1c83ad-47ee-4edc-b66b-d9e15a5e2a36,46f69ea6-292a-41b5-8c98-1303a35c5883,INSUMOS
4/19/2025,56270,PEDIDO,EFECTIVO,,"{""pagadoFull"":false,""adelanto"":""NoAplica""}",COCINA,,6b38db3f-c7dc-4aa6-8ed6-dc792ecf146d,474c670b-ad2a-49b6-8631-716a62680c35,INSUMOS
4/26/2025,48819,COMPRA,EFECTIVO,,"{""pagadoFull"":true,""adelanto"":""NoAplica""}",COCINA,,bf50a92f-d7c4-46c4-97fc-3d674731ed04,47ddf0d0-4f19-4df2-bd17-c2b6966bfeb8,INSUMOS
2/27/2025,13800,COMPRA,EFECTIVO,,"{""pagadoFull"":false,""adelanto"":""NoAplica""}",COCINA,,3f8b3eaf-cfdb-43f7-98bf-ca5b1d3fa75b,488ea40a-07f8-4fc3-868e-2082a450a1bd,INSUMOS
4/16/2025,190700,COMPRA,EFECTIVO,,"{""pagadoFull"":false,""adelanto"":""NoAplica""}",COCINA,,f080ad98-583f-49bd-adc3-447e27c727ef,49640833-25b1-45d4-8ce3-101ff89f9af0,INSUMOS
4/5/2025,17890,COMPRA,TARJETA,,"{""pagadoFull"":false,""adelanto"":""NoAplica""}",COCINA,,10764f6e-7040-4e85-8a29-e3553150c934,49706d7a-7405-4ff9-9c5c-6ab86bf29222,INSUMOS
2/27/2025,31100,COMPRA,EFECTIVO,,"{""pagadoFull"":false,""adelanto"":""NoAplica""}",COCINA,,3f8b3eaf-cfdb-43f7-98bf-ca5b1d3fa75b,499c6f5c-7aa0-475c-a992-52e3849f9394,INSUMOS
4/19/2025,99047,COMPRA,EFECTIVO,,"{""pagadoFull"":false,""adelanto"":""NoAplica""}",COCINA,,bf50a92f-d7c4-46c4-97fc-3d674731ed04,4a278d4b-15e1-4092-bc5a-d11b9243ca81,INSUMOS
2/27/2025,18850,COMPRA,TARJETA,,"{""pagadoFull"":false,""adelanto"":""NoAplica""}",COCINA,,3f8b3eaf-cfdb-43f7-98bf-ca5b1d3fa75b,4ada1b3c-ee06-4c82-bda5-d68d9ac44626,INSUMOS
2/27/2025,30550,COMPRA,EFECTIVO,,"{""pagadoFull"":false,""adelanto"":""NoAplica""}",COCINA,,7935f9e6-2a57-4390-8c07-d3db259fe0d7,4afb7705-02c8-4f2e-8f8f-f4b7da750680,INSUMOS
2/17/2025,163880,COMPRA,TARJETA,Diego Alejandro,"{""pagadoFull"":false,""adelanto"":""NoAplica""}",CAFE,,3f8b3eaf-cfdb-43f7-98bf-ca5b1d3fa75b,4b6bc0f2-4b15-4262-a530-4f06f9a085e7,INSUMOS
6/6/2025,10000,COMPRA,EFECTIVO,,"{""pagadoFull"":true,""adelanto"":""NoAplica""}",COCINA,,61637791-2d45-4a1f-8039-1e2d0e4f178a,4bc236e8-aa40-4c59-95a6-486fa8b491bf,INSUMOS
4/19/2025,9900,COMPRA,EFECTIVO,,"{""pagadoFull"":false,""adelanto"":""NoAplica""}",COCINA,,3f8b3eaf-cfdb-43f7-98bf-ca5b1d3fa75b,4c25c88f-900e-4c39-a79d-0eb4084fe6a6,NOMINA
4/19/2025,276568,COMPRA,EFECTIVO,,"{""pagadoFull"":false,""adelanto"":""NoAplica""}",COCINA,,bf50a92f-d7c4-46c4-97fc-3d674731ed04,4d968cc1-2aae-4307-8a45-e121373b65ed,INSUMOS
4/22/2025,51588,COMPRA,EFECTIVO,,"{""pagadoFull"":false,""adelanto"":""NoAplica""}",CAFE,,b0ae9f45-a64e-4ad3-b11f-32eb17986cba,4d98dd8f-b375-4d44-8cd6-478a34e1373b,INSUMOS
4/26/2025,59250,COMPRA,EFECTIVO,,"{""pagadoFull"":true,""adelanto"":""NoAplica""}",COCINA,,3f8b3eaf-cfdb-43f7-98bf-ca5b1d3fa75b,4e01b828-fc52-406b-a53f-c0c60e8d8872,INSUMOS
5/24/2025,54700,COMPRA,EFECTIVO,,"{""pagadoFull"":true,""adelanto"":""NoAplica""}",COCINA,,3f8b3eaf-cfdb-43f7-98bf-ca5b1d3fa75b,4ef168f9-520e-400b-9a32-7e9597460cce,INSUMOS
3/31/2025,241480,COMPRA,TARJETA,a,"{""pagadoFull"":false,""adelanto"":""NoAplica""}",COCINA,,3f8b3eaf-cfdb-43f7-98bf-ca5b1d3fa75b,4f965baf-0416-44f2-bc18-2092fd265f3b,INSUMOS
4/19/2025,65200,COMPRA,QR,,"{""pagadoFull"":false,""adelanto"":""NoAplica""}",CAFE,,7c6d41b8-5eaa-4792-aa1e-07dff61bb921,4faa773b-1e0f-4045-8a5e-46ed97777e85,NOMINA
4/16/2025,81250,COMPRA,EFECTIVO,,"{""pagadoFull"":false,""adelanto"":""NoAplica""}",COCINA,,3f8b3eaf-cfdb-43f7-98bf-ca5b1d3fa75b,503c1927-7f5a-42fe-bf57-70e3483497b5,INSUMOS
4/16/2025,57501,COMPRA,QR,,"{""pagadoFull"":false,""adelanto"":""NoAplica""}",COCINA,,48fabbbe-5d2c-4f7d-a3a8-811de5695420,50cefedb-a56c-4b5a-84bc-a41688eab0c7,INSUMOS
4/19/2025,7690,COMPRA,EFECTIVO,,"{""pagadoFull"":false,""adelanto"":""NoAplica""}",COCINA,,10764f6e-7040-4e85-8a29-e3553150c934,5118006b-e4f3-4711-b0be-51f688678cf0,NOMINA
12/29/2024,55600,COMPRA,EFECTIVO,,"{""pagadoFull"":true,""adelanto"":""NoAplica""}",COCINA,,3f8b3eaf-cfdb-43f7-98bf-ca5b1d3fa75b,513b2ef5-d70b-4245-beac-9e60f995a067,INSUMOS
4/19/2025,126500,COMPRA,QR,,"{""pagadoFull"":false,""adelanto"":""NoAplica""}",COCINA,,b0ae9f45-a64e-4ad3-b11f-32eb17986cba,515189e0-d96b-4947-8bbe-8a6c19d33717,
4/16/2025,14500,COMPRA,EFECTIVO,,"{""pagadoFull"":false,""adelanto"":""NoAplica""}",COCINA,,10764f6e-7040-4e85-8a29-e3553150c934,529e40cd-b109-4d1d-85b7-eabd5d97754f,INSUMOS
4/5/2025,4480,COMPRA,EFECTIVO,,"{""pagadoFull"":false,""adelanto"":""NoAplica""}",COCINA,,6b38db3f-c7dc-4aa6-8ed6-dc792ecf146d,52c5f0e1-3755-4552-9e81-8708ab58b364,INSUMOS
4/19/2025,78800,COMPRA,QR,,"{""pagadoFull"":false,""adelanto"":""NoAplica""}",COCINA,,7c6d41b8-5eaa-4792-aa1e-07dff61bb921,52e66cc5-7d09-4c14-bac5-0fad32bd6270,NOMINA
4/19/2025,36050,COMPRA,TARJETA,,"{""pagadoFull"":false,""adelanto"":""NoAplica""}",COCINA,,3f8b3eaf-cfdb-43f7-98bf-ca5b1d3fa75b,530fc314-bbcc-4ea2-b318-22acae05c63c,INSUMOS
4/19/2025,25600,COMPRA,EFECTIVO,,"{""pagadoFull"":false,""adelanto"":""NoAplica""}",COCINA,,3f8b3eaf-cfdb-43f7-98bf-ca5b1d3fa75b,53c05612-2b44-4a67-a59c-57f9b6672861,NOMINA
6/14/2025,88200,COMPRA,QR,,"{""pagadoFull"":true,""adelanto"":""NoAplica""}",COCINA,,7c6d41b8-5eaa-4792-aa1e-07dff61bb921,53d316e3-a877-433e-867e-3bc0bc44e004,INSUMOS
2/27/2025,9870,COMPRA,EFECTIVO,,"{""pagadoFull"":false,""adelanto"":""NoAplica""}",COCINA,,6b38db3f-c7dc-4aa6-8ed6-dc792ecf146d,542fdaed-fd39-4e18-ae85-4210745b0d24,INSUMOS
2/15/2025,97800,COMPRA,EFECTIVO,"Alejandro ","{""pagadoFull"":true,""adelanto"":""NoAplica""}",COCINA,,3f8b3eaf-cfdb-43f7-98bf-ca5b1d3fa75b,54cf117b-80f9-4931-bc75-cf6f9b87f131,INSUMOS
4/19/2025,222155,COMPRA,QR,,"{""pagadoFull"":false,""adelanto"":""NoAplica""}",COCINA,,48fabbbe-5d2c-4f7d-a3a8-811de5695420,553c267c-05ff-427f-a1dd-22b3fcbc13c0,INSUMOS
4/19/2025,66400,PEDIDO,EFECTIVO,,"{""pagadoFull"":false,""adelanto"":""NoAplica""}",CAFE,,61637791-2d45-4a1f-8039-1e2d0e4f178a,556c53f4-4c3a-434f-a5e5-29390de1dba7,INSUMOS
4/19/2025,29820,COMPRA,EFECTIVO,,"{""pagadoFull"":false,""adelanto"":""NoAplica""}",COCINA,,6b38db3f-c7dc-4aa6-8ed6-dc792ecf146d,560caaf6-9816-4a61-b6c9-0cfa930ae027,INSUMOS
5/11/2025,47650,COMPRA,EFECTIVO,,"{""pagadoFull"":true,""adelanto"":""NoAplica""}",COCINA,,3f8b3eaf-cfdb-43f7-98bf-ca5b1d3fa75b,56f56855-a44d-43ca-83ce-a874280062d1,INSUMOS
4/5/2025,42800,PEDIDO,EFECTIVO,,"{""pagadoFull"":false,""adelanto"":""NoAplica""}",COCINA,,3f8b3eaf-cfdb-43f7-98bf-ca5b1d3fa75b,57011706-8137-4d51-b4e0-91c7523c376c,INSUMOS
2/20/2025,126500,PEDIDO,EFECTIVO,Juan,"{""pagadoFull"":true,""adelanto"":""NoAplica""}",CAFE,,b0ae9f45-a64e-4ad3-b11f-32eb17986cba,578e7ddd-74b9-448b-b6f7-c95b20bd39ef,INSUMOS
3/17/2025,28000,COMPRA,EFECTIVO,A,"{""pagadoFull"":false,""adelanto"":""NoAplica""}",COCINA,,f080ad98-583f-49bd-adc3-447e27c727ef,57cc28d3-6cf9-4755-af0a-1626ed9039fd,INSUMOS
4/19/2025,49150,COMPRA,EFECTIVO,,"{""pagadoFull"":false,""adelanto"":""NoAplica""}",COCINA,,3f8b3eaf-cfdb-43f7-98bf-ca5b1d3fa75b,5823bad6-b928-4e30-b557-14e4783adaa3,INSUMOS
4/22/2025,2980,COMPRA,EFECTIVO,,"{""pagadoFull"":false,""adelanto"":""NoAplica""}",COCINA,,10764f6e-7040-4e85-8a29-e3553150c934,58941a08-2a5e-4b76-b1b3-c81d96ec3e15,INSUMOS
4/19/2025,78800,COMPRA,QR,,"{""pagadoFull"":false,""adelanto"":""NoAplica""}",CAFE,,7c6d41b8-5eaa-4792-aa1e-07dff61bb921,59792e1e-5ecc-4938-addf-ddd00e495ffd,INSUMOS
6/11/2025,3800,COMPRA,EFECTIVO,,"{""pagadoFull"":true,""adelanto"":""NoAplica""}",COCINA,,10764f6e-7040-4e85-8a29-e3553150c934,5aee9a25-3962-4394-8ef8-1b434b189bb0,INSUMOS
5/6/2025,19200,COMPRA,EFECTIVO,,"{""pagadoFull"":true,""adelanto"":""NoAplica""}",COCINA,,3f8b3eaf-cfdb-43f7-98bf-ca5b1d3fa75b,5b923232-964e-499a-ae66-39693db3bee7,INSUMOS
4/19/2025,104400,COMPRA,QR,,"{""pagadoFull"":false,""adelanto"":""NoAplica""}",COCINA,,7c6d41b8-5eaa-4792-aa1e-07dff61bb921,5d133e5b-d619-4a58-a96d-845df578c2f7,INSUMOS
4/22/2025,895074,COMPRA,QR,,"{""pagadoFull"":true,""adelanto"":""NoAplica""}",CAFE,,c71e75e4-92d0-4293-8f27-66abc5292fc9,5d8734b4-258f-44ba-9bd0-611aa6470a81,SITIO
4/19/2025,12150,COMPRA,EFECTIVO,,"{""pagadoFull"":false,""adelanto"":""NoAplica""}",COCINA,,3f8b3eaf-cfdb-43f7-98bf-ca5b1d3fa75b,5d92c790-8551-43ca-ac89-debe87de338c,INSUMOS
4/19/2025,138000,PEDIDO,EFECTIVO,,"{""pagadoFull"":false,""adelanto"":""NoAplica""}",COCINA,,f080ad98-583f-49bd-adc3-447e27c727ef,5e549597-3685-44b8-8952-00464af1dc1c,NOMINA
4/22/2025,169575,COMPRA,EFECTIVO,,"{""pagadoFull"":false,""adelanto"":""NoAplica""}",COCINA,,07afef02-d753-4a70-9f72-854f2d970884,5e870c49-5eef-4f1d-b73c-ce235c9372f6,INSUMOS
4/19/2025,82750,COMPRA,TARJETA,,"{""pagadoFull"":false,""adelanto"":""NoAplica""}",COCINA,,3f8b3eaf-cfdb-43f7-98bf-ca5b1d3fa75b,6055a263-2270-4bf7-9063-22fffb77376e,INSUMOS
4/16/2025,55740,PEDIDO,EFECTIVO,,"{""pagadoFull"":false,""adelanto"":""NoAplica""}",COCINA,,385be326-4bb9-441e-8468-bad1d9898d18,62de968d-fbbd-4d8d-9bfe-9ab98cfc572c,INSUMOS
4/19/2025,49400,COMPRA,EFECTIVO,,"{""pagadoFull"":false,""adelanto"":""NoAplica""}",COCINA,,3f8b3eaf-cfdb-43f7-98bf-ca5b1d3fa75b,640b43d5-6465-4ddc-a3ee-e2c5a2a3a401,INSUMOS
4/19/2025,76581,COMPRA,EFECTIVO,,"{""pagadoFull"":false,""adelanto"":""NoAplica""}",COCINA,,6b38db3f-c7dc-4aa6-8ed6-dc792ecf146d,64b767dc-7b11-462a-915b-32aa2dc3f501,INSUMOS
3/31/2025,50250,COMPRA,TARJETA,a,"{""pagadoFull"":false,""adelanto"":""NoAplica""}",COCINA,,3f8b3eaf-cfdb-43f7-98bf-ca5b1d3fa75b,65d99513-3515-4e23-969e-cad0bea5b0e2,INSUMOS
3/19/2025,147950,COMPRA,EFECTIVO,,"{""pagadoFull"":false,""adelanto"":""NoAplica""}",COCINA,,3f8b3eaf-cfdb-43f7-98bf-ca5b1d3fa75b,679b1cdf-cd56-4f9f-8b63-3ed565d41436,INSUMOS
4/19/2025,41650,COMPRA,TARJETA,,"{""pagadoFull"":false,""adelanto"":""NoAplica""}",COCINA,,3f8b3eaf-cfdb-43f7-98bf-ca5b1d3fa75b,67b35194-2b8d-4d59-ae4c-8653c49aa043,INSUMOS
4/26/2025,631200,PEDIDO,EFECTIVO,,"{""pagadoFull"":false,""adelanto"":""NoAplica""}",COCINA,,f080ad98-583f-49bd-adc3-447e27c727ef,67d7b0bb-5d00-4391-be4a-68313f051da8,INSUMOS
4/19/2025,67600,PEDIDO,TARJETA,,"{""pagadoFull"":false,""adelanto"":""NoAplica""}",COCINA,,3f8b3eaf-cfdb-43f7-98bf-ca5b1d3fa75b,67e5ba39-74d7-4b9c-95a8-d07f78ebf6ab,INSUMOS
9/1/2025,21450,COMPRA,EFECTIVO,Alejandro,"{""pagadoFull"":true,""adelanto"":""NoAplica""}",COCINA,,3f8b3eaf-cfdb-43f7-98bf-ca5b1d3fa75b,68703a28-7dd4-4c38-989c-7d08386a49f2,INSUMOS
2/27/2025,26570,COMPRA,EFECTIVO,sam,"{""pagadoFull"":false,""adelanto"":""NoAplica""}",COCINA,,3f8b3eaf-cfdb-43f7-98bf-ca5b1d3fa75b,69a21a93-86d6-41a3-be7f-7a35f95ace7b,INSUMOS
4/5/2025,19267,COMPRA,EFECTIVO,,"{""pagadoFull"":false,""adelanto"":""NoAplica""}",COCINA,,6b38db3f-c7dc-4aa6-8ed6-dc792ecf146d,6a331467-0c6b-43e9-a85e-2e314abb0fec,INSUMOS
4/26/2025,62000,PEDIDO,EFECTIVO,,"{""pagadoFull"":false,""adelanto"":""NoAplica""}",COCINA,,f080ad98-583f-49bd-adc3-447e27c727ef,6b3ad0ef-1fd9-4649-b02f-c1e4e2a7f202,INSUMOS
2/27/2025,29600,PEDIDO,EFECTIVO,,"{""pagadoFull"":false,""adelanto"":""NoAplica""}",COCINA,,7935f9e6-2a57-4390-8c07-d3db259fe0d7,6b593d81-6b11-471a-902e-212aa0d7f433,INSUMOS
4/22/2025,48111,COMPRA,EFECTIVO,,"{""pagadoFull"":true,""adelanto"":""NoAplica""}",CAFE,,b0ae9f45-a64e-4ad3-b11f-32eb17986cba,6bcf028e-ea95-43ab-9203-efa1be6f1712,INSUMOS
5/8/2025,147250,COMPRA,EFECTIVO,a,"{""pagadoFull"":true,""adelanto"":""NoAplica""}",COCINA,,3f8b3eaf-cfdb-43f7-98bf-ca5b1d3fa75b,6d268e89-b39e-4451-825a-2f7239d3703d,INSUMOS
4/22/2025,15320,COMPRA,EFECTIVO,,"{""pagadoFull"":true,""adelanto"":""NoAplica""}",COCINA,,6b38db3f-c7dc-4aa6-8ed6-dc792ecf146d,6dc26606-d4ac-48c5-943e-c648be875e61,INSUMOS
3/31/2025,13800,COMPRA,EFECTIVO,,"{""pagadoFull"":false,""adelanto"":""NoAplica""}",COCINA,,3f8b3eaf-cfdb-43f7-98bf-ca5b1d3fa75b,6f252313-3016-4cad-ac9d-40fa29040ef5,INSUMOS
4/16/2025,28322,COMPRA,EFECTIVO,,"{""pagadoFull"":false,""adelanto"":""NoAplica""}",COCINA,,15d9dd3f-ce5b-4d73-ae68-2067725abdd2,70a2fd4b-2a7f-43da-b341-8f708b29f974,NOMINA
4/16/2025,6700,COMPRA,TARJETA,,"{""pagadoFull"":false,""adelanto"":""NoAplica""}",COCINA,,3f8b3eaf-cfdb-43f7-98bf-ca5b1d3fa75b,71805c44-eeba-42aa-bba9-9aca1df0a7ca,INSUMOS
4/5/2025,17150,COMPRA,EFECTIVO,,"{""pagadoFull"":false,""adelanto"":""NoAplica""}",COCINA,,3f8b3eaf-cfdb-43f7-98bf-ca5b1d3fa75b,72b13562-31fc-41c5-91d9-011da4a09c79,INSUMOS
4/19/2025,16900,COMPRA,EFECTIVO,,"{""pagadoFull"":false,""adelanto"":""NoAplica""}",COCINA,,10764f6e-7040-4e85-8a29-e3553150c934,73063cba-b6cf-4ab8-9818-d0cee6634e49,INSUMOS
4/16/2025,19100,COMPRA,EFECTIVO,,"{""pagadoFull"":false,""adelanto"":""NoAplica""}",COCINA,,3f8b3eaf-cfdb-43f7-98bf-ca5b1d3fa75b,734b4064-8855-4fdb-86b0-1d95493e9c0c,INSUMOS
4/19/2025,67400,COMPRA,EFECTIVO,,"{""pagadoFull"":false,""adelanto"":""NoAplica""}",CAFE,,7c6d41b8-5eaa-4792-aa1e-07dff61bb921,74b66d0c-33a2-4f90-ac5d-1967c989fc2e,INSUMOS
3/17/2025,14057,COMPRA,EFECTIVO,,"{""pagadoFull"":false,""adelanto"":""NoAplica""}",COCINA,,f080ad98-583f-49bd-adc3-447e27c727ef,74c7a4db-6411-4a48-8b53-9df96891e524,INSUMOS
5/19/2025,29400,COMPRA,EFECTIVO,,"{""pagadoFull"":true,""adelanto"":""NoAplica""}",COCINA,,3f8b3eaf-cfdb-43f7-98bf-ca5b1d3fa75b,75d1de8b-08cd-488a-9619-2ee7f479c69c,INSUMOS
2/6/2025,209000,COMPRA,TARJETA,Alejandro,"{""pagadoFull"":true,""adelanto"":""NoAplica""}",COCINA,,3f8b3eaf-cfdb-43f7-98bf-ca5b1d3fa75b,76f5ce8b-b0b1-4437-a7a8-97a40fe9635b,
12/12/2024,1900,COMPRA,EFECTIVO,,"{""pagadoFull"":true,""adelanto"":""NoAplica""}",COCINA,,6b38db3f-c7dc-4aa6-8ed6-dc792ecf146d,777a5850-d5d5-40c9-84fd-240e452927af,INSUMOS
4/16/2025,5350,COMPRA,EFECTIVO,,"{""pagadoFull"":false,""adelanto"":""NoAplica""}",COCINA,,3f8b3eaf-cfdb-43f7-98bf-ca5b1d3fa75b,77b42032-bbeb-47d9-9643-6e7b1eb4818f,INSUMOS
2/27/2025,74340,COMPRA,TARJETA,,"{""pagadoFull"":false,""adelanto"":""NoAplica""}",CAFE,,bf50a92f-d7c4-46c4-97fc-3d674731ed04,780cd807-7db9-495c-bedd-b7364a5efb08,INSUMOS
4/26/2025,108630,COMPRA,TARJETA,,"{""pagadoFull"":true,""adelanto"":""NoAplica""}",COCINA,,3f8b3eaf-cfdb-43f7-98bf-ca5b1d3fa75b,7889135f-e32e-46e4-9362-9849dfcad2ee,INSUMOS
4/19/2025,96000,PEDIDO,QR,,"{""pagadoFull"":false,""adelanto"":""NoAplica""}",COCINA,,7c6d41b8-5eaa-4792-aa1e-07dff61bb921,79177887-53f2-4378-ade5-28e089266859,INSUMOS
4/19/2025,126600,COMPRA,QR,,"{""pagadoFull"":false,""adelanto"":""NoAplica""}",COCINA,,3f8b3eaf-cfdb-43f7-98bf-ca5b1d3fa75b,7c271ea1-05b1-4052-959a-b70bad5f6182,INSUMOS
2/27/2025,21950,PEDIDO,EFECTIVO,,"{""pagadoFull"":false,""adelanto"":""NoAplica""}",COCINA,,10764f6e-7040-4e85-8a29-e3553150c934,7d36be11-b492-4260-a806-7d784ecdf1bd,INSUMOS
4/19/2025,75600,PEDIDO,QR,,"{""pagadoFull"":false,""adelanto"":""NoAplica""}",COCINA,,7c6d41b8-5eaa-4792-aa1e-07dff61bb921,7e609b2b-6840-4202-91c2-3c2273865c1a,INSUMOS
6/4/2025,150350,COMPRA,TARJETA,a,"{""pagadoFull"":true,""adelanto"":""NoAplica""}",COCINA,,3f8b3eaf-cfdb-43f7-98bf-ca5b1d3fa75b,7f71c7f5-d8d0-4c75-8d87-f4404e225815,INSUMOS
4/16/2025,49950,COMPRA,EFECTIVO,,"{""pagadoFull"":false,""adelanto"":""NoAplica""}",COCINA,,3f8b3eaf-cfdb-43f7-98bf-ca5b1d3fa75b,81164099-7fa3-40de-8af6-7e278885046c,INSUMOS
12/16/2024,64000,COMPRA,EFECTIVO,,"{""pagadoFull"":true,""adelanto"":""NoAplica""}",CAFE,,b0ae9f45-a64e-4ad3-b11f-32eb17986cba,822bd2b6-78ad-481f-9c16-e32b71220924,INSUMOS
12/23/2024,73800,COMPRA,EFECTIVO,,"{""pagadoFull"":true,""adelanto"":""NoAplica""}",COCINA,,3f8b3eaf-cfdb-43f7-98bf-ca5b1d3fa75b,8391c279-4e53-4e5f-9c47-2f804b2e63da,INSUMOS
5/3/2025,37046,COMPRA,EFECTIVO,,"{""pagadoFull"":true,""adelanto"":""NoAplica""}",COCINA,,15d9dd3f-ce5b-4d73-ae68-2067725abdd2,83b585db-0b81-4694-a7ad-b5b9f10113ee,INSUMOS
4/26/2025,22950,COMPRA,EFECTIVO,,"{""pagadoFull"":false,""adelanto"":""NoAplica""}",COCINA,,10764f6e-7040-4e85-8a29-e3553150c934,83c193df-fe4f-4543-8a16-8771ab67a35c,INSUMOS
3/17/2025,52400,COMPRA,TARJETA,A,"{""pagadoFull"":false,""adelanto"":""NoAplica""}",COCINA,,3f8b3eaf-cfdb-43f7-98bf-ca5b1d3fa75b,85b9b51a-9d97-4b33-aed5-b9937441a735,INSUMOS
5/8/2025,137900,COMPRA,EFECTIVO,,"{""pagadoFull"":true,""adelanto"":""NoAplica""}",COCINA,,3f8b3eaf-cfdb-43f7-98bf-ca5b1d3fa75b,85d6d23a-4c13-4817-b2c2-cd74f6791ec9,INSUMOS
3/31/2025,88200,COMPRA,QR,,"{""pagadoFull"":false,""adelanto"":""NoAplica""}",COCINA,,7c6d41b8-5eaa-4792-aa1e-07dff61bb921,8825e9a9-b657-44e1-a990-77c4ce24279f,INSUMOS
4/19/2025,136057,COMPRA,EFECTIVO,,"{""pagadoFull"":false,""adelanto"":""NoAplica""}",COCINA,,bf50a92f-d7c4-46c4-97fc-3d674731ed04,88f32629-7c72-4c29-9f71-aa73b46fb61e,INSUMOS
5/12/2025,108983,COMPRA,EFECTIVO,,"{""pagadoFull"":true,""adelanto"":""NoAplica""}",COCINA,,6b38db3f-c7dc-4aa6-8ed6-dc792ecf146d,8a0c6a70-67db-460b-bc20-2b49ed76ca22,INSUMOS
2/27/2025,4195,,EFECTIVO,alejandro,"{""pagadoFull"":false,""adelanto"":""NoAplica""}",COCINA,,f080ad98-583f-49bd-adc3-447e27c727ef,8ad092cc-3088-45f2-afc7-74f239c84160,INSUMOS
3/17/2025,44750,,EFECTIVO,a,"{""pagadoFull"":false,""adelanto"":""NoAplica""}",COCINA,,3f8b3eaf-cfdb-43f7-98bf-ca5b1d3fa75b,8add6cc5-cc52-4dc4-b92b-8b23ecafdb9d,INSUMOS
4/19/2025,96840,COMPRA,TARJETA,,"{""pagadoFull"":false,""adelanto"":""NoAplica""}",COCINA,,3f8b3eaf-cfdb-43f7-98bf-ca5b1d3fa75b,8b13aa7d-cc12-489a-aa5d-4e96cdd299ba,NOMINA
6/11/2025,66300,COMPRA,EFECTIVO,,"{""pagadoFull"":true,""adelanto"":""NoAplica""}",COCINA,,3f8b3eaf-cfdb-43f7-98bf-ca5b1d3fa75b,8b31268c-296a-49f4-ac40-92be72cdb6ef,INSUMOS
4/5/2025,22990,PEDIDO,EFECTIVO,,"{""pagadoFull"":false,""adelanto"":""NoAplica""}",COCINA,,10764f6e-7040-4e85-8a29-e3553150c934,8b6d45ed-4508-4bed-afd9-dab46190b54c,INSUMOS
6/10/2025,91900,COMPRA,EFECTIVO,,"{""pagadoFull"":true,""adelanto"":""NoAplica""}",COCINA,,3f8b3eaf-cfdb-43f7-98bf-ca5b1d3fa75b,8c8a50ca-4759-4027-970d-f99bd0b44a68,INSUMOS
4/5/2025,219250,COMPRA,TARJETA,a,"{""pagadoFull"":false,""adelanto"":""NoAplica""}",,,3f8b3eaf-cfdb-43f7-98bf-ca5b1d3fa75b,8d1c08ce-9772-4ff7-a4c6-ec12e50101bd,INSUMOS
3/19/2025,80400,COMPRA,TARJETA,,"{""pagadoFull"":false,""adelanto"":""NoAplica""}",COCINA,,7c6d41b8-5eaa-4792-aa1e-07dff61bb921,90886136-2017-44cd-ad05-552a4d93da43,INSUMOS
2/27/2025,44650,COMPRA,TARJETA,,"{""pagadoFull"":false,""adelanto"":""NoAplica""}",COCINA,,3f8b3eaf-cfdb-43f7-98bf-ca5b1d3fa75b,90f5eecc-aced-4a51-9fe9-b2b9c9ddd800,INSUMOS
4/19/2025,129700,COMPRA,EFECTIVO,,"{""pagadoFull"":false,""adelanto"":""NoAplica""}",COCINA,,1dbf980f-fa0d-4c9d-8ac0-6664dc7c1318,90ff9b5e-f66b-4525-a68a-651640ebd990,NOMINA
2/27/2025,35550,COMPRA,,,"{""pagadoFull"":false,""adelanto"":""NoAplica""}",COCINA,,3f8b3eaf-cfdb-43f7-98bf-ca5b1d3fa75b,9104fafa-7b25-49d9-8bcf-5a46d7063fa5,INSUMOS
4/19/2025,138250,COMPRA,EFECTIVO,,"{""pagadoFull"":false,""adelanto"":""NoAplica""}",COCINA,,3f8b3eaf-cfdb-43f7-98bf-ca5b1d3fa75b,91d24856-e0af-4cbd-af5c-e0a024014f5d,INSUMOS
4/19/2025,29300,COMPRA,EFECTIVO,,"{""pagadoFull"":false,""adelanto"":""NoAplica""}",COCINA,,3f8b3eaf-cfdb-43f7-98bf-ca5b1d3fa75b,91e7ad9b-1da6-4b04-817a-1b3608f18ec8,INSUMOS
4/16/2025,15800,COMPRA,EFECTIVO,,"{""pagadoFull"":false,""adelanto"":""NoAplica""}",COCINA,,3f8b3eaf-cfdb-43f7-98bf-ca5b1d3fa75b,9291199b-5c8d-4050-a7ca-3b961f19d8e4,INSUMOS
12/26/2024,28400,COMPRA,TARJETA,,"{""pagadoFull"":true,""adelanto"":""NoAplica""}",CAFE,,61637791-2d45-4a1f-8039-1e2d0e4f178a,930150cb-8af1-473a-af12-e5f40d1c0df9,INSUMOS
3/17/2025,11400,COMPRA,EFECTIVO,A,"{""pagadoFull"":false,""adelanto"":""NoAplica""}",COCINA,,3f8b3eaf-cfdb-43f7-98bf-ca5b1d3fa75b,931c969c-a2e8-4980-9f15-f3c31d3c7143,INSUMOS
4/22/2025,902175,PEDIDO,QR,,"{""pagadoFull"":false,""adelanto"":""NoAplica""}",CAFE,,c71e75e4-92d0-4293-8f27-66abc5292fc9,93ab6974-cc47-4406-b7b5-81d3ddee84e0,SITIO
4/19/2025,131400,COMPRA,EFECTIVO,,"{""pagadoFull"":false,""adelanto"":""NoAplica""}",COCINA,,80d9f3fa-e25b-4dd6-86e5-40dba660b228,93da4b13-7767-432e-908e-edf5f49396f8,INSUMOS
4/5/2025,42000,COMPRA,EFECTIVO,,"{""pagadoFull"":false,""adelanto"":""NoAplica""}",CAFE,,6b38db3f-c7dc-4aa6-8ed6-dc792ecf146d,93e1fc30-bc0a-4c66-9ee8-c26f427880db,INSUMOS
4/19/2025,28050,COMPRA,EFECTIVO,,"{""pagadoFull"":false,""adelanto"":""NoAplica""}",COCINA,,7935f9e6-2a57-4390-8c07-d3db259fe0d7,942e2a7c-601a-43f8-864c-d35c20eca0e3,NOMINA
4/19/2025,17420,COMPRA,EFECTIVO,,"{""pagadoFull"":false,""adelanto"":""NoAplica""}",COCINA,,6b38db3f-c7dc-4aa6-8ed6-dc792ecf146d,94b58e0d-43d2-4949-a2ab-e98ba823213f,INSUMOS
2/27/2025,57600,COMPRA,EFECTIVO,,"{""pagadoFull"":false,""adelanto"":""NoAplica""}",COCINA,,f080ad98-583f-49bd-adc3-447e27c727ef,9522f61a-f3e0-49e7-a399-f09f5d4a4fdc,INSUMOS
4/5/2025,6800,COMPRA,EFECTIVO,,"{""pagadoFull"":false,""adelanto"":""NoAplica""}",COCINA,,f080ad98-583f-49bd-adc3-447e27c727ef,9621aba5-8aa9-459f-b86a-453cb0584ce2,INSUMOS
5/21/2025,41180,COMPRA,EFECTIVO,,"{""pagadoFull"":true,""adelanto"":""NoAplica""}",COCINA,,10764f6e-7040-4e85-8a29-e3553150c934,96ca9953-92be-467c-b2bc-6bdefdf9715b,INSUMOS
3/31/2025,25450,COMPRA,TARJETA,a,"{""pagadoFull"":false,""adelanto"":""NoAplica""}",COCINA,,3f8b3eaf-cfdb-43f7-98bf-ca5b1d3fa75b,98688a79-85e3-4c75-9e5f-80c25d812df6,INSUMOS
4/19/2025,13950,COMPRA,EFECTIVO,,"{""pagadoFull"":false,""adelanto"":""NoAplica""}",COCINA,,10764f6e-7040-4e85-8a29-e3553150c934,98c1091b-4fd1-4562-8eac-f2ff984305c0,INSUMOS
9/1/2025,68700,COMPRA,TARJETA,Alejandro,"{""pagadoFull"":true,""adelanto"":""NoAplica""}",COCINA,,3f8b3eaf-cfdb-43f7-98bf-ca5b1d3fa75b,9988d0b5-0fe0-4040-a36c-7f963ea3010f,INSUMOS
12/11/2024,92500,COMPRA,EFECTIVO,,"{""pagadoFull"":true,""adelanto"":""NoAplica""}",CAFE,,b0ae9f45-a64e-4ad3-b11f-32eb17986cba,99baeea6-e215-4beb-92b3-5e01aa8ef117,INSUMOS
5/30/2025,86400,COMPRA,QR,,"{""pagadoFull"":true,""adelanto"":""NoAplica""}",COCINA,,7c6d41b8-5eaa-4792-aa1e-07dff61bb921,99be30ed-ec78-444f-ba4e-a011bd452673,INSUMOS
4/19/2025,22750,COMPRA,EFECTIVO,,"{""pagadoFull"":false,""adelanto"":""NoAplica""}",COCINA,,3f8b3eaf-cfdb-43f7-98bf-ca5b1d3fa75b,99eb636a-d092-4d10-962f-c221acc04a9a,INSUMOS
4/19/2025,6990,COMPRA,EFECTIVO,,"{""pagadoFull"":false,""adelanto"":""NoAplica""}",COCINA,,10764f6e-7040-4e85-8a29-e3553150c934,9b75b638-b95d-41cc-98e1-7f7d4bd73f2f,NOMINA
6/5/2025,570063,COMPRA,EFECTIVO,,"{""pagadoFull"":true,""adelanto"":""NoAplica""}",COCINA,,bf50a92f-d7c4-46c4-97fc-3d674731ed04,9c0b23b6-64fd-43b3-8710-e9ae25a9fee2,INSUMOS
4/19/2025,79562,COMPRA,EFECTIVO,,"{""pagadoFull"":false,""adelanto"":""NoAplica""}",COCINA,,6b38db3f-c7dc-4aa6-8ed6-dc792ecf146d,9c9e71fd-ef1e-4f87-99e8-57ea40554ae5,INSUMOS
2/27/2025,57430,COMPRA,EFECTIVO,alejandro,"{""pagadoFull"":false,""adelanto"":""NoAplica""}",COCINA,,3f8b3eaf-cfdb-43f7-98bf-ca5b1d3fa75b,9cf567ff-5aeb-4699-8b16-bd9e9dfeda1a,INSUMOS
3/31/2025,72600,COMPRA,QR,,"{""pagadoFull"":false,""adelanto"":""NoAplica""}",COCINA,,7c6d41b8-5eaa-4792-aa1e-07dff61bb921,9d2b423c-ac42-44cd-9cca-e3c72b7bd7ac,INSUMOS
2/27/2025,45600,COMPRA,QR,Alejandro,"{""pagadoFull"":false,""adelanto"":""NoAplica""}",COCINA,,7c6d41b8-5eaa-4792-aa1e-07dff61bb921,9e5be4a3-1210-4520-8e2d-f25bdabf2763,INSUMOS
4/19/2025,90000,COMPRA,EFECTIVO,,"{""pagadoFull"":false,""adelanto"":""NoAplica""}",COCINA,,1dbf980f-fa0d-4c9d-8ac0-6664dc7c1318,9ef2f86d-651d-43cc-92dc-9cf56b389342,INSUMOS
12/17/2024,63200,COMPRA,EFECTIVO,,"{""pagadoFull"":true,""adelanto"":""NoAplica""}",COCINA,,3f8b3eaf-cfdb-43f7-98bf-ca5b1d3fa75b,9f4a1f4a-c8ef-4083-99fd-84d828d1c6bc,INSUMOS
1/20/2025,8960,COMPRA,EFECTIVO,,"{""pagadoFull"":true,""adelanto"":""NoAplica""}",COCINA,,6b38db3f-c7dc-4aa6-8ed6-dc792ecf146d,9fbfe6a8-948c-4cfd-8f25-2e3cdd7ec28a,INSUMOS
4/19/2025,11757,PEDIDO,EFECTIVO,,"{""pagadoFull"":false,""adelanto"":""NoAplica""}",,,6b38db3f-c7dc-4aa6-8ed6-dc792ecf146d,a1cce29b-0c50-4792-bbec-eca94eb5e4e6,NOMINA
6/13/2025,162800,COMPRA,EFECTIVO,,"{""pagadoFull"":true,""adelanto"":""NoAplica""}",COCINA,,3f8b3eaf-cfdb-43f7-98bf-ca5b1d3fa75b,a1f5a199-4443-4e80-a5c1-941f4cae25c4,INSUMOS
2/27/2025,3710,COMPRA,EFECTIVO,,"{""pagadoFull"":false,""adelanto"":""NoAplica""}",COCINA,,6b38db3f-c7dc-4aa6-8ed6-dc792ecf146d,a2139b33-0f68-41f9-b937-355e49e7781b,INSUMOS
4/19/2025,86400,COMPRA,QR,,"{""pagadoFull"":false,""adelanto"":""NoAplica""}",COCINA,,7c6d41b8-5eaa-4792-aa1e-07dff61bb921,a22e2d01-3796-4afd-bdeb-7057320cb085,INSUMOS
5/8/2025,138000,COMPRA,EFECTIVO,,"{""pagadoFull"":true,""adelanto"":""NoAplica""}",COCINA,,80d9f3fa-e25b-4dd6-86e5-40dba660b228,a2404268-dc9a-47c8-8630-4b4c2c8b7d6c,INSUMOS
4/19/2025,28000,COMPRA,EFECTIVO,,"{""pagadoFull"":false,""adelanto"":""NoAplica""}",COCINA,,b78472f1-c43c-4b08-804b-3abfe4f7c217,a37467e5-b4ca-4623-ba14-3f5dbc33e9a0,INSUMOS
4/16/2025,328107,COMPRA,TARJETA,,"{""pagadoFull"":false,""adelanto"":""NoAplica""}",COCINA,,bf50a92f-d7c4-46c4-97fc-3d674731ed04,a3d1055a-4f99-4deb-87cf-36f9099b5357,INSUMOS
3/31/2025,7500,COMPRA,EFECTIVO,isabella,"{""pagadoFull"":false,""adelanto"":""NoAplica""}",COCINA,,3f8b3eaf-cfdb-43f7-98bf-ca5b1d3fa75b,a40b6c55-0616-4549-a61f-3715ff0c61fd,INSUMOS
3/17/2025,15600,COMPRA,EFECTIVO,a,"{""pagadoFull"":false,""adelanto"":""NoAplica""}",COCINA,,6b38db3f-c7dc-4aa6-8ed6-dc792ecf146d,a4470a94-9a8b-43c3-beb9-cdd670050e63,INSUMOS
4/19/2025,13900,COMPRA,EFECTIVO,,"{""pagadoFull"":false,""adelanto"":""NoAplica""}",COCINA,,10764f6e-7040-4e85-8a29-e3553150c934,a62f7db6-1cae-4618-b94d-da3e2793cd67,INSUMOS
4/16/2025,31200,COMPRA,EFECTIVO,,"{""pagadoFull"":false,""adelanto"":""NoAplica""}",COCINA,,3f8b3eaf-cfdb-43f7-98bf-ca5b1d3fa75b,a6f1ae97-8c09-4d5c-b9f0-7b0c7f780031,NOMINA
12/24/2024,78932,COMPRA,EFECTIVO,,"{""pagadoFull"":true,""adelanto"":""NoAplica""}",COCINA,,be1c83ad-47ee-4edc-b66b-d9e15a5e2a36,a758b077-6f35-4a74-b079-3fe9abbf19bb,INSUMOS
4/22/2025,16950,COMPRA,EFECTIVO,,"{""pagadoFull"":false,""adelanto"":""NoAplica""}",CAFE,,10764f6e-7040-4e85-8a29-e3553150c934,a7c75b9a-3123-4321-b7ed-4866677408e9,INSUMOS
3/31/2025,41300,COMPRA,TARJETA,,"{""pagadoFull"":false,""adelanto"":""NoAplica""}",COCINA,,6b38db3f-c7dc-4aa6-8ed6-dc792ecf146d,a7cc37fa-53c1-4e0e-84e5-846fd3ab1cf0,INSUMOS
4/19/2025,67100,COMPRA,TARJETA,,"{""pagadoFull"":false,""adelanto"":""NoAplica""}",COCINA,,3f8b3eaf-cfdb-43f7-98bf-ca5b1d3fa75b,a7e3c0f7-acb3-4f57-b26d-2237862baec6,INSUMOS
4/19/2025,78800,COMPRA,QR,,"{""pagadoFull"":false,""adelanto"":""NoAplica""}",COCINA,,7c6d41b8-5eaa-4792-aa1e-07dff61bb921,a907c8cf-1d24-4391-be60-1c551f5fcfdd,INSUMOS
3/31/2025,71950,COMPRA,TARJETA,alejandro,"{""pagadoFull"":false,""adelanto"":""NoAplica""}",COCINA,,3f8b3eaf-cfdb-43f7-98bf-ca5b1d3fa75b,a9b132ed-8807-47bf-83a2-ff0214641586,INSUMOS
4/19/2025,48885,PEDIDO,EFECTIVO,,"{""pagadoFull"":false,""adelanto"":""NoAplica""}",COCINA,,6b38db3f-c7dc-4aa6-8ed6-dc792ecf146d,aaef258f-0b25-4201-a407-2e33bf4239da,INSUMOS
4/19/2025,17500,COMPRA,EFECTIVO,,"{""pagadoFull"":false,""adelanto"":""NoAplica""}",COCINA,,b78472f1-c43c-4b08-804b-3abfe4f7c217,aaf4ae86-4f1d-44dd-b59e-df6eef720cb3,INSUMOS
4/19/2025,171300,PEDIDO,QR,,"{""pagadoFull"":false,""adelanto"":""NoAplica""}",CAFE,,48fabbbe-5d2c-4f7d-a3a8-811de5695420,ab991e4b-b145-4809-a270-42c29f51b28f,NOMINA
4/16/2025,285666,PEDIDO,TARJETA,,"{""pagadoFull"":false,""adelanto"":""NoAplica""}",COCINA,,bf50a92f-d7c4-46c4-97fc-3d674731ed04,abd4cfdb-1ee6-4a60-b505-c9c952857457,INSUMOS
2/27/2025,80300,COMPRA,TARJETA,,"{""pagadoFull"":false,""adelanto"":""NoAplica""}",COCINA,,3f8b3eaf-cfdb-43f7-98bf-ca5b1d3fa75b,ac209324-d5e0-46e8-bc5f-721ee20dd466,INSUMOS
4/19/2025,11757,PEDIDO,EFECTIVO,,"{""pagadoFull"":false,""adelanto"":""NoAplica""}",,,6b38db3f-c7dc-4aa6-8ed6-dc792ecf146d,acbab004-820a-4834-aec8-4b588bccbfc6,NOMINA
4/19/2025,40850,COMPRA,EFECTIVO,,"{""pagadoFull"":false,""adelanto"":""NoAplica""}",COCINA,,3f8b3eaf-cfdb-43f7-98bf-ca5b1d3fa75b,ad7884d5-e018-45ba-aa34-a5ff346d921e,INSUMOS
4/30/2025,94600,COMPRA,TARJETA,,"{""pagadoFull"":true,""adelanto"":""NoAplica""}",COCINA,,3f8b3eaf-cfdb-43f7-98bf-ca5b1d3fa75b,ae0aef8a-2a53-45e3-ace2-63e6b0e6dcff,INSUMOS
4/19/2025,8729,COMPRA,EFECTIVO,,"{""pagadoFull"":false,""adelanto"":""NoAplica""}",COCINA,,f080ad98-583f-49bd-adc3-447e27c727ef,ae6faa94-7ad2-46b0-96ca-d9075e24a6c9,INSUMOS
3/31/2025,33300,COMPRA,EFECTIVO,,"{""pagadoFull"":false,""adelanto"":""NoAplica""}",COCINA,,3f8b3eaf-cfdb-43f7-98bf-ca5b1d3fa75b,af7f6aaf-6a46-4510-b0f1-9028030776a3,INSUMOS
4/19/2025,194500,COMPRA,EFECTIVO,,"{""pagadoFull"":false,""adelanto"":""NoAplica""}",COCINA,,3f8b3eaf-cfdb-43f7-98bf-ca5b1d3fa75b,afec1085-e47b-4e9c-b505-fc0445e0c3e1,INSUMOS
12/18/2024,336000,COMPRA,EFECTIVO,,"{""pagadoFull"":true,""adelanto"":""NoAplica""}",CAFE,,1dbf980f-fa0d-4c9d-8ac0-6664dc7c1318,b076062c-139d-457d-b98a-1e76801a9c9d,INSUMOS
4/19/2025,86400,PEDIDO,TARJETA,,"{""pagadoFull"":false,""adelanto"":""NoAplica""}",CAFE,,7c6d41b8-5eaa-4792-aa1e-07dff61bb921,b07953f4-2c0d-4ccd-8549-e1d96844cf73,INSUMOS
4/25/2025,22400,PEDIDO,EFECTIVO,,"{""pagadoFull"":false,""adelanto"":""NoAplica""}",COCINA,,b78472f1-c43c-4b08-804b-3abfe4f7c217,b1ce48e0-671e-4406-bcab-787ea8c9e287,INSUMOS
12/18/2024,38780,COMPRA,EFECTIVO,,"{""pagadoFull"":true,""adelanto"":""NoAplica""}",COCINA,,3f8b3eaf-cfdb-43f7-98bf-ca5b1d3fa75b,b208195a-15d9-45cb-8226-22ee59883354,INSUMOS
1/14/2025,37980,COMPRA,EFECTIVO,,"{""pagadoFull"":true,""adelanto"":""NoAplica""}",COCINA,,bf50a92f-d7c4-46c4-97fc-3d674731ed04,b21252c1-d353-4dc5-a32f-874c170c7d00,INSUMOS
4/16/2025,12000,COMPRA,EFECTIVO,,"{""pagadoFull"":false,""adelanto"":""NoAplica""}",COCINA,,f080ad98-583f-49bd-adc3-447e27c727ef,b392c1b5-7f2e-4caa-9439-23c8522e564c,INSUMOS
4/19/2025,240166,COMPRA,EFECTIVO,,"{""pagadoFull"":false,""adelanto"":""NoAplica""}",CAFE,,48fabbbe-5d2c-4f7d-a3a8-811de5695420,b5c7e727-0af1-44ef-8c0f-8aeade31dfad,INSUMOS
4/16/2025,31000,COMPRA,EFECTIVO,,"{""pagadoFull"":false,""adelanto"":""NoAplica""}",,,7935f9e6-2a57-4390-8c07-d3db259fe0d7,b71dfb99-7d29-465e-bf51-0f6d455c8bf7,INSUMOS
12/17/2024,190058,COMPRA,EFECTIVO,,"{""pagadoFull"":true,""adelanto"":""NoAplica""}",COCINA,,bf50a92f-d7c4-46c4-97fc-3d674731ed04,b77e5060-fbc1-4984-ab25-0066ad28742b,INSUMOS
4/19/2025,30150,COMPRA,EFECTIVO,,"{""pagadoFull"":false,""adelanto"":""NoAplica""}",COCINA,,7935f9e6-2a57-4390-8c07-d3db259fe0d7,b8117e37-202e-425a-a8a9-c2ed868b3b2d,INSUMOS
4/19/2025,52800,COMPRA,EFECTIVO,,"{""pagadoFull"":false,""adelanto"":""NoAplica""}",COCINA,,10764f6e-7040-4e85-8a29-e3553150c934,b896aade-301a-4a0f-aa1f-065da74feb16,INSUMOS
4/5/2025,22950,COMPRA,EFECTIVO,,"{""pagadoFull"":false,""adelanto"":""NoAplica""}",COCINA,,10764f6e-7040-4e85-8a29-e3553150c934,b93dad68-327d-4859-8802-5097a92179cf,INSUMOS
12/11/2024,60650,COMPRA,EFECTIVO,,"{""pagadoFull"":true,""adelanto"":""NoAplica""}",COCINA,,3f8b3eaf-cfdb-43f7-98bf-ca5b1d3fa75b,ba281919-2732-498d-9228-485fe3d97c77,INSUMOS
4/19/2025,371000,COMPRA,EFECTIVO,,"{""pagadoFull"":false,""adelanto"":""NoAplica""}",COCINA,,1dbf980f-fa0d-4c9d-8ac0-6664dc7c1318,ba7394f4-cf75-4e32-8cd1-ff40ec89e239,INSUMOS
12/12/2024,38000,COMPRA,EFECTIVO,,"{""pagadoFull"":true,""adelanto"":""NoAplica""}",COCINA,,7c6d41b8-5eaa-4792-aa1e-07dff61bb921,bbe6b215-2c05-422d-9341-f602cbb7c999,INSUMOS
4/16/2025,88200,COMPRA,QR,,"{""pagadoFull"":false,""adelanto"":""NoAplica""}",COCINA,,7c6d41b8-5eaa-4792-aa1e-07dff61bb921,bbeb62a1-496e-4b2a-b064-1f4126ede128,INSUMOS
4/19/2025,45300,COMPRA,EFECTIVO,,"{""pagadoFull"":false,""adelanto"":""NoAplica""}",,,3f8b3eaf-cfdb-43f7-98bf-ca5b1d3fa75b,bc0e17dd-6cb0-4820-b5af-055f4bbb2e46,INSUMOS
12/24/2024,22400,COMPRA,EFECTIVO,,"{""pagadoFull"":true,""adelanto"":""NoAplica""}",CAFE,,b78472f1-c43c-4b08-804b-3abfe4f7c217,bc8e579e-54c9-4918-bdbd-5379c410fad7,INSUMOS
4/19/2025,126030,COMPRA,TARJETA,,"{""pagadoFull"":false,""adelanto"":""NoAplica""}",COCINA,,3f8b3eaf-cfdb-43f7-98bf-ca5b1d3fa75b,bcc06095-731f-4842-a348-ee77fd5d7539,INSUMOS
2/11/2025,455782,COMPRA,EFECTIVO,Margarita,"{""pagadoFull"":true,""adelanto"":""NoAplica""}",COCINA,,bf50a92f-d7c4-46c4-97fc-3d674731ed04,bd4ccd5f-d996-4bd6-879d-64e67383b304,INSUMOS
4/19/2025,22950,COMPRA,EFECTIVO,,"{""pagadoFull"":false,""adelanto"":""NoAplica""}",COCINA,,10764f6e-7040-4e85-8a29-e3553150c934,be201b30-4539-4ffe-b6ae-3f5d8a678c45,INSUMOS
4/16/2025,344271,COMPRA,EFECTIVO,,"{""pagadoFull"":false,""adelanto"":""NoAplica""}",COCINA,,bf50a92f-d7c4-46c4-97fc-3d674731ed04,be520459-26db-4cb1-9131-36336479f5ef,NOMINA
4/22/2025,886471,COMPRA,QR,,"{""pagadoFull"":false,""adelanto"":""NoAplica""}",CAFE,,c71e75e4-92d0-4293-8f27-66abc5292fc9,be6c13d0-932d-4827-b5a8-e9c8cf7d14c0,SITIO
4/19/2025,11757,PEDIDO,EFECTIVO,,"{""pagadoFull"":false,""adelanto"":""NoAplica""}",COCINA,,6b38db3f-c7dc-4aa6-8ed6-dc792ecf146d,bed82874-8c4c-426f-a401-e9ee4d0a2e80,INSUMOS
4/19/2025,86400,COMPRA,QR,,"{""pagadoFull"":false,""adelanto"":""NoAplica""}",CAFE,,7c6d41b8-5eaa-4792-aa1e-07dff61bb921,bf337b86-30bc-40fb-a38d-5a38b362e0f9,INSUMOS
12/31/2024,66450,COMPRA,EFECTIVO,,"{""pagadoFull"":true,""adelanto"":""NoAplica""}",COCINA,,3f8b3eaf-cfdb-43f7-98bf-ca5b1d3fa75b,c0a25bc6-7355-441d-b273-6585c2474d41,INSUMOS
4/19/2025,27950,COMPRA,EFECTIVO,,"{""pagadoFull"":false,""adelanto"":""NoAplica""}",COCINA,,10764f6e-7040-4e85-8a29-e3553150c934,c0d8445d-72a8-4abd-8087-888b9b481a86,NOMINA
12/17/2024,11250,COMPRA,EFECTIVO,,"{""pagadoFull"":true,""adelanto"":""NoAplica""}",COCINA,,3f8b3eaf-cfdb-43f7-98bf-ca5b1d3fa75b,c180d96e-1ec8-450c-8421-8f25bdea061c,INSUMOS
4/26/2025,29900,COMPRA,EFECTIVO,,"{""pagadoFull"":false,""adelanto"":""NoAplica""}",COCINA,,7935f9e6-2a57-4390-8c07-d3db259fe0d7,c1e622da-ccf6-43fe-b11c-3a886aa0602b,INSUMOS
12/9/2024,148000,COMPRA,EFECTIVO,,"{""pagadoFull"":true,""adelanto"":""NoAplica""}",CAFE,,1dbf980f-fa0d-4c9d-8ac0-6664dc7c1318,c2b310b6-04ee-40d9-97e2-8873579fb131,INSUMOS
4/19/2025,959916,COMPRA,QR,,"{""pagadoFull"":false,""adelanto"":""NoAplica""}",CAFE,,c71e75e4-92d0-4293-8f27-66abc5292fc9,c2ce51c6-6083-4095-8708-3b2c49e36751,SITIO
4/19/2025,7800,COMPRA,EFECTIVO,,"{""pagadoFull"":false,""adelanto"":""NoAplica""}",CAFE,,3f8b3eaf-cfdb-43f7-98bf-ca5b1d3fa75b,c4c72342-6434-4e03-960d-99d786cd2c40,INSUMOS
4/19/2025,57600,COMPRA,QR,,"{""pagadoFull"":false,""adelanto"":""NoAplica""}",COCINA,,7c6d41b8-5eaa-4792-aa1e-07dff61bb921,c58c6572-0784-471d-ac22-d3caaf86a1f6,INSUMOS
5/30/2025,138000,COMPRA,EFECTIVO,,"{""pagadoFull"":true,""adelanto"":""NoAplica""}",COCINA,,80d9f3fa-e25b-4dd6-86e5-40dba660b228,c6f5a2f6-7024-417c-993f-21992b4de4cd,INSUMOS
4/19/2025,29600,PEDIDO,EFECTIVO,,"{""pagadoFull"":false,""adelanto"":""NoAplica""}",COCINA,,7935f9e6-2a57-4390-8c07-d3db259fe0d7,c702f157-01d8-4598-bced-12116525e858,INSUMOS
4/22/2025,387576,COMPRA,EFECTIVO,,"{""pagadoFull"":false,""adelanto"":""NoAplica""}",COCINA,,bf50a92f-d7c4-46c4-97fc-3d674731ed04,c7538774-6b2a-412e-9fa0-55b25b4bc865,INSUMOS
12/31/2024,10699,COMPRA,EFECTIVO,,"{""pagadoFull"":true,""adelanto"":""NoAplica""}",COCINA,,ffe9771f-2f20-4bc1-a8c0-893e494ecac5,c777c0bd-4a26-4243-9343-52de958d83a2,INSUMOS
6/3/2025,87700,COMPRA,EFECTIVO,,"{""pagadoFull"":true,""adelanto"":""NoAplica""}",COCINA,,3f8b3eaf-cfdb-43f7-98bf-ca5b1d3fa75b,c900447b-fd43-44bf-9901-95673ffa3cc5,INSUMOS
12/4/2024,76050,COMPRA,EFECTIVO,,"{""pagadoFull"":true,""adelanto"":""NoAplica""}",COCINA,,3f8b3eaf-cfdb-43f7-98bf-ca5b1d3fa75b,c921b6d1-aeef-455d-91f7-cb8e5e65d087,INSUMOS
4/19/2025,54780,COMPRA,EFECTIVO,,"{""pagadoFull"":false,""adelanto"":""NoAplica""}",COCINA,,f080ad98-583f-49bd-adc3-447e27c727ef,cb1b21c4-29b9-4f0d-be87-dc910e70e46b,INSUMOS
6/14/2025,30950,COMPRA,EFECTIVO,,"{""pagadoFull"":true,""adelanto"":""NoAplica""}",COCINA,,3f8b3eaf-cfdb-43f7-98bf-ca5b1d3fa75b,cbe8fb8b-77bd-4f3b-a1ce-9c4f2b86697c,INSUMOS
6/13/2025,3749,COMPRA,EFECTIVO,,"{""pagadoFull"":true,""adelanto"":""NoAplica""}",COCINA,,6b38db3f-c7dc-4aa6-8ed6-dc792ecf146d,ccf0b20e-d9d0-40f3-af69-6c7216b3f50d,INSUMOS
1/10/2025,24600,COMPRA,EFECTIVO,,"{""pagadoFull"":true,""adelanto"":""NoAplica""}",COCINA,,3f8b3eaf-cfdb-43f7-98bf-ca5b1d3fa75b,ccfe4888-56d5-412e-ae45-661792bacd6e,INSUMOS
4/19/2025,62650,COMPRA,EFECTIVO,,"{""pagadoFull"":false,""adelanto"":""NoAplica""}",COCINA,,3f8b3eaf-cfdb-43f7-98bf-ca5b1d3fa75b,cd25535f-2dda-432e-8d25-4c9335b62dc5,INSUMOS
4/16/2025,31150,COMPRA,EFECTIVO,,"{""pagadoFull"":false,""adelanto"":""NoAplica""}",COCINA,,7935f9e6-2a57-4390-8c07-d3db259fe0d7,ce74dc60-3c3d-4b99-baee-81d76e2be16f,INSUMOS
2/27/2025,135200,COMPRA,TARJETA,,"{""pagadoFull"":false,""adelanto"":""NoAplica""}",COCINA,,3f8b3eaf-cfdb-43f7-98bf-ca5b1d3fa75b,ceb17054-f781-4636-a555-94f70942e787,INSUMOS
5/24/2025,13050,COMPRA,EFECTIVO,,"{""pagadoFull"":true,""adelanto"":""NoAplica""}",COCINA,,3f8b3eaf-cfdb-43f7-98bf-ca5b1d3fa75b,d1a8d029-7e38-4507-bf2f-41d202653f9d,INSUMOS
12/20/2024,33400,COMPRA,EFECTIVO,,"{""pagadoFull"":true,""adelanto"":""NoAplica""}",COCINA,,6b38db3f-c7dc-4aa6-8ed6-dc792ecf146d,d24463ed-4dcc-490a-a6f1-53876e56315e,INSUMOS
5/3/2025,61100,COMPRA,TARJETA,,"{""pagadoFull"":true,""adelanto"":""NoAplica""}",COCINA,,3f8b3eaf-cfdb-43f7-98bf-ca5b1d3fa75b,d44b0f78-30b7-48bc-b591-725cd44be12a,INSUMOS
1/14/2025,130800,COMPRA,EFECTIVO,,"{""pagadoFull"":true,""adelanto"":""NoAplica""}",CAFE,,1dbf980f-fa0d-4c9d-8ac0-6664dc7c1318,d5ede259-87d3-435a-83bb-e74bcd9f1f8a,INSUMOS
4/19/2025,27900,COMPRA,EFECTIVO,,"{""pagadoFull"":false,""adelanto"":""NoAplica""}",COCINA,,6b38db3f-c7dc-4aa6-8ed6-dc792ecf146d,d61160e9-c568-49b6-820a-4e23366ff8d8,INSUMOS
4/29/2025,31700,COMPRA,EFECTIVO,,"{""pagadoFull"":false,""adelanto"":""NoAplica""}",COCINA,,7935f9e6-2a57-4390-8c07-d3db259fe0d7,d649422e-5937-4620-a0cf-2b62f5c9440d,NOMINA
5/26/2025,362400,COMPRA,TARJETA,,"{""pagadoFull"":true,""adelanto"":""NoAplica""}",COCINA,,3f8b3eaf-cfdb-43f7-98bf-ca5b1d3fa75b,d69dde7f-f9ca-4e87-8813-71ab3aa3b1a6,INSUMOS
4/16/2025,55650,PEDIDO,EFECTIVO,,"{""pagadoFull"":false,""adelanto"":""NoAplica""}",COCINA,,3f8b3eaf-cfdb-43f7-98bf-ca5b1d3fa75b,d7115882-b7ff-4829-98bf-2e8d12c8ab5b,INSUMOS
4/19/2025,14450,COMPRA,EFECTIVO,,"{""pagadoFull"":false,""adelanto"":""NoAplica""}",COCINA,,f080ad98-583f-49bd-adc3-447e27c727ef,d82c0104-13b7-4310-bf9a-af9d2f51c09f,INSUMOS
4/19/2025,7960,COMPRA,EFECTIVO,,"{""pagadoFull"":false,""adelanto"":""NoAplica""}",COCINA,,10764f6e-7040-4e85-8a29-e3553150c934,d876f88a-f274-46d0-ab32-966bed8d87c8,NOMINA
5/28/2025,55200,COMPRA,EFECTIVO,,"{""pagadoFull"":true,""adelanto"":""NoAplica""}",COCINA,,3f8b3eaf-cfdb-43f7-98bf-ca5b1d3fa75b,d959bafe-fc8a-4066-99ca-a87fe2deafff,INSUMOS
2/27/2025,5015,COMPRA,EFECTIVO,samantha,"{""pagadoFull"":false,""adelanto"":""NoAplica""}",COCINA,,f080ad98-583f-49bd-adc3-447e27c727ef,dc86d20f-cc83-4713-bbe6-661208014280,INSUMOS
12/17/2024,49400,COMPRA,EFECTIVO,,"{""pagadoFull"":true,""adelanto"":""NoAplica""}",COCINA,,3f8b3eaf-cfdb-43f7-98bf-ca5b1d3fa75b,dd4aa5a7-5fbc-4280-8b03-d747521c87da,INSUMOS
6/8/2025,54680,COMPRA,EFECTIVO,,"{""pagadoFull"":true,""adelanto"":""NoAplica""}",COCINA,,6b38db3f-c7dc-4aa6-8ed6-dc792ecf146d,de717695-3303-437d-9167-af454255ceb0,INSUMOS
6/4/2025,43950,COMPRA,EFECTIVO,,"{""pagadoFull"":true,""adelanto"":""NoAplica""}",COCINA,,3f8b3eaf-cfdb-43f7-98bf-ca5b1d3fa75b,de791ee5-076a-45e8-9b16-58895772395d,INSUMOS
1/7/2025,171997,COMPRA,EFECTIVO,,"{""pagadoFull"":true,""adelanto"":""NoAplica""}",COCINA,,bf50a92f-d7c4-46c4-97fc-3d674731ed04,dfe28080-cded-4f42-b708-bf130d53de7e,INSUMOS
4/19/2025,31250,COMPRA,EFECTIVO,,"{""pagadoFull"":false,""adelanto"":""NoAplica""}",COCINA,,7935f9e6-2a57-4390-8c07-d3db259fe0d7,e009437c-15dc-4182-b282-36aa0e4f03f3,INSUMOS
4/19/2025,125400,COMPRA,EFECTIVO,,"{""pagadoFull"":false,""adelanto"":""NoAplica""}",COCINA,,80d9f3fa-e25b-4dd6-86e5-40dba660b228,e024ef14-724e-45a1-a3c0-4ccd7c64b6ae,INSUMOS
12/20/2024,19400,COMPRA,EFECTIVO,,"{""pagadoFull"":true,""adelanto"":""NoAplica""}",COCINA,,3f8b3eaf-cfdb-43f7-98bf-ca5b1d3fa75b,e05b00ef-a78c-420e-a0ae-4906c1b8ef15,INSUMOS
6/5/2025,37980,COMPRA,EFECTIVO,,"{""pagadoFull"":true,""adelanto"":""NoAplica""}",COCINA,,bf50a92f-d7c4-46c4-97fc-3d674731ed04,e071dd1b-dea4-496e-a6ff-f3c5f5b55766,INSUMOS
4/19/2025,15950,COMPRA,EFECTIVO,,"{""pagadoFull"":false,""adelanto"":""NoAplica""}",COCINA,,10764f6e-7040-4e85-8a29-e3553150c934,e0cfa3ec-df91-4d6d-a36d-9b2ecc1ae718,NOMINA
4/16/2025,9500,COMPRA,EFECTIVO,,"{""pagadoFull"":false,""adelanto"":""NoAplica""}",COCINA,,3f8b3eaf-cfdb-43f7-98bf-ca5b1d3fa75b,e19353fb-59e4-4980-89bf-66d68d1b8e8e,INSUMOS
5/12/2025,28241,COMPRA,EFECTIVO,,"{""pagadoFull"":true,""adelanto"":""NoAplica""}",COCINA,,6b38db3f-c7dc-4aa6-8ed6-dc792ecf146d,e1cd4a19-55b2-4870-ad56-d141b38f8f53,INSUMOS
4/19/2025,1120,PEDIDO,EFECTIVO,,"{""pagadoFull"":false,""adelanto"":""NoAplica""}",COCINA,,bf50a92f-d7c4-46c4-97fc-3d674731ed04,e1e60280-f7be-4f47-adc3-4f37ef6f874f,INSUMOS
4/16/2025,12900,PEDIDO,EFECTIVO,,"{""pagadoFull"":false,""adelanto"":""NoAplica""}",COCINA,,3f8b3eaf-cfdb-43f7-98bf-ca5b1d3fa75b,e1fd0cf8-6fe5-435e-90bb-6e3354efe854,INSUMOS
4/19/2025,28500,PEDIDO,EFECTIVO,,"{""pagadoFull"":false,""adelanto"":""NoAplica""}",COCINA,,7935f9e6-2a57-4390-8c07-d3db259fe0d7,e2a15c83-cfce-479f-80dc-7401f6585ad3,INSUMOS
2/12/2025,9650,COMPRA,EFECTIVO,Samantha,"{""pagadoFull"":true,""adelanto"":""NoAplica""}",COCINA,,3f8b3eaf-cfdb-43f7-98bf-ca5b1d3fa75b,e467fc26-d13c-4b3c-b019-a3a6e5cc9475,INSUMOS
3/17/2025,22635,,EFECTIVO,,"{""pagadoFull"":false,""adelanto"":""NoAplica""}",COCINA,,6b38db3f-c7dc-4aa6-8ed6-dc792ecf146d,e47f82cf-f9d4-4967-8fe1-eebc302d4731,INSUMOS
4/16/2025,53234,COMPRA,TARJETA,,"{""pagadoFull"":false,""adelanto"":""NoAplica""}",COCINA,,6b38db3f-c7dc-4aa6-8ed6-dc792ecf146d,e494fce6-6783-4e18-a672-4f6963b24a51,INSUMOS
1/14/2025,30300,COMPRA,EFECTIVO,,"{""pagadoFull"":true,""adelanto"":""NoAplica""}",COCINA,,7935f9e6-2a57-4390-8c07-d3db259fe0d7,e4ac7e25-511d-4f4d-9a22-3d9f5682295c,INSUMOS
4/16/2025,76850,COMPRA,EFECTIVO,,"{""pagadoFull"":false,""adelanto"":""NoAplica""}",COCINA,,3f8b3eaf-cfdb-43f7-98bf-ca5b1d3fa75b,e5392001-d398-4be0-ae3a-4389657c9df3,INSUMOS
4/19/2025,20100,COMPRA,EFECTIVO,,"{""pagadoFull"":false,""adelanto"":""NoAplica""}",COCINA,,3f8b3eaf-cfdb-43f7-98bf-ca5b1d3fa75b,e583f9d7-c77d-4b17-966a-fa7322a1df28,INSUMOS
4/22/2025,1053116,COMPRA,QR,,"{""pagadoFull"":true,""adelanto"":""NoAplica""}",CAFE,,c71e75e4-92d0-4293-8f27-66abc5292fc9,e5ee0243-9984-43e8-91aa-2acdf39bcbf9,SITIO
3/17/2025,81200,COMPRA,QR,,"{""pagadoFull"":false,""adelanto"":""NoAplica""}",COCINA,,7c6d41b8-5eaa-4792-aa1e-07dff61bb921,e6978c46-4c03-433f-8bf4-899039839439,INSUMOS
4/25/2025,19050,COMPRA,TARJETA,,"{""pagadoFull"":true,""adelanto"":""NoAplica""}",COCINA,,6b38db3f-c7dc-4aa6-8ed6-dc792ecf146d,e697ae03-ef4e-4f7c-9056-ce18d8010d53,INSUMOS
4/16/2025,22855,COMPRA,EFECTIVO,,"{""pagadoFull"":false,""adelanto"":""NoAplica""}",COCINA,,bf50a92f-d7c4-46c4-97fc-3d674731ed04,e70e98b1-84ba-4402-91b7-4448c561808d,NOMINA
12/18/2024,68600,COMPRA,QR,,"{""pagadoFull"":true,""adelanto"":""NoAplica""}",COCINA,,7c6d41b8-5eaa-4792-aa1e-07dff61bb921,e7fb41f1-0561-4dcc-9c2c-de0b98028dab,INSUMOS
3/31/2025,63960,COMPRA,EFECTIVO,,"{""pagadoFull"":false,""adelanto"":""NoAplica""}",COCINA,,3f8b3eaf-cfdb-43f7-98bf-ca5b1d3fa75b,e95bcfc7-9b72-4b5e-ab0d-f3af5eb3c8ff,INSUMOS
12/20/2024,69600,COMPRA,QR,,"{""pagadoFull"":true,""adelanto"":""NoAplica""}",COCINA,,7c6d41b8-5eaa-4792-aa1e-07dff61bb921,e99e2317-eb15-470d-af2d-c6ba5a7b10c6,INSUMOS
3/31/2025,33750,COMPRA,EFECTIVO,,"{""pagadoFull"":false,""adelanto"":""NoAplica""}",COCINA,,3f8b3eaf-cfdb-43f7-98bf-ca5b1d3fa75b,e9cdb192-55d3-4807-80e1-b7924eaf8b31,INSUMOS
4/5/2025,21300,COMPRA,TARJETA,,"{""pagadoFull"":false,""adelanto"":""NoAplica""}",COCINA,,3f8b3eaf-cfdb-43f7-98bf-ca5b1d3fa75b,eb78c1b6-476a-4cf8-9c2a-01d581ef74e6,INSUMOS
4/30/2025,44137,COMPRA,EFECTIVO,,"{""pagadoFull"":true,""adelanto"":""NoAplica""}",COCINA,,6b38db3f-c7dc-4aa6-8ed6-dc792ecf146d,eb80cd55-1cb7-4852-8db0-44b8f53447dc,INSUMOS
3/12/2025,147300,COMPRA,TARJETA,ALEJANDRO,"{""pagadoFull"":false,""adelanto"":""NoAplica""}",COCINA,,10764f6e-7040-4e85-8a29-e3553150c934,ebc07579-f21b-414f-87c1-075b43479158,INSUMOS
4/19/2025,23500,PEDIDO,EFECTIVO,,"{""pagadoFull"":false,""adelanto"":""NoAplica""}",COCINA,,3f8b3eaf-cfdb-43f7-98bf-ca5b1d3fa75b,ebe6c1b4-228b-41eb-ab61-497c453d102c,INSUMOS
4/23/2025,139350,COMPRA,TARJETA,,"{""pagadoFull"":true,""adelanto"":""NoAplica""}",COCINA,,3f8b3eaf-cfdb-43f7-98bf-ca5b1d3fa75b,ed3e272f-603e-453e-b207-59220cf0f638,INSUMOS
6/11/2025,88200,COMPRA,QR,,"{""pagadoFull"":true,""adelanto"":""NoAplica""}",COCINA,,7c6d41b8-5eaa-4792-aa1e-07dff61bb921,ed7bcfdd-1ce5-4fc4-9d4d-df0482aef4b3,INSUMOS
1/9/2025,161700,COMPRA,EFECTIVO,,"{""pagadoFull"":true,""adelanto"":""NoAplica""}",CAFE,,78a7a9f3-1c11-4622-bf2c-6f16c140d217,ed8a0e73-d00e-4fc3-8b2f-4f97eb4d419f,INSUMOS
4/22/2025,8970,COMPRA,TARJETA,,"{""pagadoFull"":true,""adelanto"":""NoAplica""}",COCINA,,3f8b3eaf-cfdb-43f7-98bf-ca5b1d3fa75b,edb2d577-1d9d-4bc2-a41f-75ab903b5ad2,INSUMOS
4/7/2025,47500,COMPRA,TARJETA,alejandro,"{""pagadoFull"":false,""adelanto"":""NoAplica""}",COCINA,,3f8b3eaf-cfdb-43f7-98bf-ca5b1d3fa75b,ef485abf-87b2-459c-a3cb-964b739eef79,INSUMOS
12/14/2024,950,COMPRA,EFECTIVO,,"{""pagadoFull"":true,""adelanto"":""NoAplica""}",COCINA,,3f8b3eaf-cfdb-43f7-98bf-ca5b1d3fa75b,ef7a1d25-4251-46bd-af02-761493febc6d,INSUMOS
4/16/2025,88700,PEDIDO,EFECTIVO,,"{""pagadoFull"":false,""adelanto"":""NoAplica""}",COCINA,,f080ad98-583f-49bd-adc3-447e27c727ef,efea319a-8a22-48cd-aace-097c727120b0,INSUMOS
2/27/2025,30700,COMPRA,EFECTIVO,,"{""pagadoFull"":false,""adelanto"":""NoAplica""}",COCINA,,6b38db3f-c7dc-4aa6-8ed6-dc792ecf146d,f0975ea7-8219-469e-baab-c4246a9d9b1d,INSUMOS
4/22/2025,9520,COMPRA,EFECTIVO,,"{""pagadoFull"":false,""adelanto"":""NoAplica""}",COCINA,,6b38db3f-c7dc-4aa6-8ed6-dc792ecf146d,f11c84b5-dcc5-4638-8bb3-71a1466a3f4e,INSUMOS
4/16/2025,79347,COMPRA,EFECTIVO,,"{""pagadoFull"":false,""adelanto"":""NoAplica""}",COCINA,,fcd60be2-1814-4d67-b8e2-09d9bb98c936,f1461573-528c-4bd4-8ecc-4e5c03b8c0eb,INSUMOS
1/8/2025,120216,COMPRA,EFECTIVO,,"{""pagadoFull"":true,""adelanto"":""NoAplica""}",COCINA,,48fabbbe-5d2c-4f7d-a3a8-811de5695420,f14baa24-bbe5-40ab-bb17-3a78c2877f35,INSUMOS
1/20/2025,120050,COMPRA,EFECTIVO,,"{""pagadoFull"":true,""adelanto"":""NoAplica""}",COCINA,,3f8b3eaf-cfdb-43f7-98bf-ca5b1d3fa75b,f1716c16-2b93-4c5b-9902-f23d058f3187,INSUMOS
4/19/2025,87250,COMPRA,EFECTIVO,,"{""pagadoFull"":false,""adelanto"":""NoAplica""}",COCINA,,3f8b3eaf-cfdb-43f7-98bf-ca5b1d3fa75b,f18dae15-d0f4-4ac7-ae89-82134c4c9299,INSUMOS
3/31/2025,4500,COMPRA,EFECTIVO,,"{""pagadoFull"":false,""adelanto"":""NoAplica""}",COCINA,,3f8b3eaf-cfdb-43f7-98bf-ca5b1d3fa75b,f249335c-6de6-4591-bf45-2e484288a25f,NOMINA
4/19/2025,24800,COMPRA,EFECTIVO,,"{""pagadoFull"":false,""adelanto"":""NoAplica""}",COCINA,,3f8b3eaf-cfdb-43f7-98bf-ca5b1d3fa75b,f26549d3-ce85-4127-8838-f67332f4fffd,INSUMOS
4/5/2025,31550,COMPRA,EFECTIVO,,"{""pagadoFull"":false,""adelanto"":""NoAplica""}",COCINA,,7935f9e6-2a57-4390-8c07-d3db259fe0d7,f34739d0-5b77-4d51-b9c7-c9196ad7dc0f,INSUMOS
4/23/2025,58000,COMPRA,TARJETA,,"{""pagadoFull"":true,""adelanto"":""NoAplica""}",COCINA,,61637791-2d45-4a1f-8039-1e2d0e4f178a,f34806a9-8a9d-431f-8a56-d8b4cf9f16eb,INSUMOS
4/19/2025,154700,COMPRA,TARJETA,,"{""pagadoFull"":false,""adelanto"":""NoAplica""}",COCINA,,3f8b3eaf-cfdb-43f7-98bf-ca5b1d3fa75b,f369e034-65b5-4ba7-983a-fc2608a4ab44,NOMINA
3/31/2025,49250,COMPRA,EFECTIVO,,"{""pagadoFull"":false,""adelanto"":""NoAplica""}",COCINA,,3f8b3eaf-cfdb-43f7-98bf-ca5b1d3fa75b,f44c92b9-bc4e-49fd-8191-1495e85c796f,INSUMOS
4/19/2025,902175,COMPRA,QR,,"{""pagadoFull"":false,""adelanto"":""NoAplica""}",CAFE,,c71e75e4-92d0-4293-8f27-66abc5292fc9,f4a725a2-5034-4230-82c1-624593ae5f8e,SITIO
1/15/2025,22400,COMPRA,EFECTIVO,,"{""pagadoFull"":true,""adelanto"":""NoAplica""}",COCINA,,b78472f1-c43c-4b08-804b-3abfe4f7c217,f4fec5c8-82c5-41dd-9ce0-84c98df79ae5,INSUMOS
3/31/2025,67450,COMPRA,TARJETA,a,"{""pagadoFull"":false,""adelanto"":""NoAplica""}",COCINA,,3f8b3eaf-cfdb-43f7-98bf-ca5b1d3fa75b,f633a0b2-123a-481c-b7e3-aa1f68195917,INSUMOS
4/19/2025,65000,COMPRA,EFECTIVO,,"{""pagadoFull"":false,""adelanto"":""NoAplica""}",COCINA,,48fabbbe-5d2c-4f7d-a3a8-811de5695420,f6a3fcb5-70db-415f-ad19-9802295836ba,INSUMOS
4/19/2025,57600,PEDIDO,QR,,"{""pagadoFull"":false,""adelanto"":""NoAplica""}",CAFE,,7c6d41b8-5eaa-4792-aa1e-07dff61bb921,f6bd7aae-2032-46c4-a5c2-d5621a9da21a,NOMINA
4/22/2025,169575,PEDIDO,EFECTIVO,,"{""pagadoFull"":false,""adelanto"":""NoAplica""}",COCINA,,07afef02-d753-4a70-9f72-854f2d970884,f6dc8ca8-bd05-4a82-9a3e-6cc3c38861a4,INSUMOS
4/19/2025,48117,COMPRA,EFECTIVO,,"{""pagadoFull"":false,""adelanto"":""NoAplica""}",COCINA,,6b38db3f-c7dc-4aa6-8ed6-dc792ecf146d,f81d045e-cecc-4731-a0b3-b6fdb8d8583c,NOMINA
4/5/2025,47100,COMPRA,EFECTIVO,,"{""pagadoFull"":false,""adelanto"":""NoAplica""}",COCINA,,6b38db3f-c7dc-4aa6-8ed6-dc792ecf146d,f8e367bd-9e71-4c1d-bc62-80f78b30b95d,INSUMOS
4/23/2025,165400,COMPRA,TARJETA,,"{""pagadoFull"":true,""adelanto"":""NoAplica""}",COCINA,,3f8b3eaf-cfdb-43f7-98bf-ca5b1d3fa75b,f902d481-02a6-4d1a-973e-feb50b435cf9,INSUMOS
3/17/2025,23940,COMPRA,EFECTIVO,,"{""pagadoFull"":false,""adelanto"":""NoAplica""}",COCINA,,10764f6e-7040-4e85-8a29-e3553150c934,f9e20f9c-7ae7-4298-a913-e8ef980e13b2,INSUMOS
4/19/2025,306000,COMPRA,EFECTIVO,,"{""pagadoFull"":false,""adelanto"":""NoAplica""}",CAFE,,1dbf980f-fa0d-4c9d-8ac0-6664dc7c1318,f9e94b10-f78e-4f74-880a-a61c2d838a91,INSUMOS
3/31/2025,19050,COMPRA,EFECTIVO,,"{""pagadoFull"":false,""adelanto"":""NoAplica""}",COCINA,,6b38db3f-c7dc-4aa6-8ed6-dc792ecf146d,fa033c57-9211-42e1-ba67-abd481000ccf,INSUMOS
4/19/2025,23500,COMPRA,EFECTIVO,,"{""pagadoFull"":false,""adelanto"":""NoAplica""}",COCINA,,f080ad98-583f-49bd-adc3-447e27c727ef,fb92d283-c436-4bd7-a937-e516f15e3e80,NOMINA
4/19/2025,25200,COMPRA,EFECTIVO,,"{""pagadoFull"":false,""adelanto"":""NoAplica""}",COCINA,,b78472f1-c43c-4b08-804b-3abfe4f7c217,fc85999d-818a-40a3-90a6-4811d1a57bac,INSUMOS
3/17/2025,12600,COMPRA,TARJETA,alejandro,"{""pagadoFull"":false,""adelanto"":""NoAplica""}",COCINA,,3f8b3eaf-cfdb-43f7-98bf-ca5b1d3fa75b,fd811556-1c64-4a05-b900-0c2fa02d8222,INSUMOS
6/6/2025,200000,COMPRA,EFECTIVO,,"{""pagadoFull"":true,""adelanto"":""NoAplica""}",COCINA,,61637791-2d45-4a1f-8039-1e2d0e4f178a,fddb0498-3c94-4390-a27e-239baa5d33b1,INSUMOS
2/27/2025,44200,COMPRA,EFECTIVO,,"{""pagadoFull"":false,""adelanto"":""NoAplica""}",COCINA,,3f8b3eaf-cfdb-43f7-98bf-ca5b1d3fa75b,fded30db-ec17-4da7-8e32-a7c673bdb968,INSUMOS
4/15/2025,58800,COMPRA,EFECTIVO,,"{""pagadoFull"":true,""adelanto"":""NoAplica""}",COCINA,,b0ae9f45-a64e-4ad3-b11f-32eb17986cba,fe260eb9-4c35-4e3d-b48b-a8ce247bed2d,INSUMOS
5/18/2025,28000,COMPRA,EFECTIVO,,"{""pagadoFull"":true,""adelanto"":""NoAplica""}",COCINA,,b78472f1-c43c-4b08-804b-3abfe4f7c217,ff6c7f81-bcdd-4a9d-8201-9a566fe805ed,INSUMOS