"Cajero","Productos","Cantidad producto","Precio venta x producto","Total_Ingreso","Date","Pagado"
"No2","Huevo Revuelto","1","$3,500","$3,500","2/1/2024","true"
"No91","Huevo Revuelto","3","$3,500","$10,500","2/1/2024","true"
"No102","Huevo Revuelto","1","$3,500","$3,500","2/1/2024","true"
"No110","Huevo Revuelto","1","$3,500","$3,500","2/1/2024","true"
"No118","Huevo Revuelto","2","$3,500","$7,000","2/1/2024","true"
"No177","Huevo Revuelto","6","$3,500","$21,000","2/1/2024","true"
"No196","Huevo Revuelto","2","$3,500","$7,000","2/1/2024","true"
"No213","Huevo Revuelto","2","$3,500","$7,000","2/1/2024","true"
"No216","Huevo Revuelto","5","$3,500","$17,500","2/1/2024","true"
"No236","Huevo Revuelto","2","$3,500","$7,000","2/1/2024","true"
"No239","Huevo Revuelto","5","$3,500","$17,500","2/1/2024","true"
"No258","Huevo Revuelto","2","$3,500","$7,000","2/1/2024","true"
"No264","Huevo Revuelto","5","$3,500","$17,500","2/1/2024","true"
"No176","AeroPress","2","$6,667","$14,000","2/1/2024","true"
"No271","AeroPress","1","$6,667","$7,000","2/1/2024","true"
"No109","Affogato","1","$11,429","$12,000","2/1/2024","true"
"No195","Agua con gas","1","$2,500","$2,500","2/1/2024","true"
"No209","Agua con gas","1","$2,500","$2,500","2/1/2024","true"
"No18","Agua sin gas","1","$3,000","$3,000","2/1/2024","true"
"No38","Agua sin gas","1","$3,000","$3,000","2/1/2024","true"
"No133","Agua sin gas","1","$3,000","$3,000","2/1/2024","true"
"No137","Agua sin gas","1","$3,000","$3,000","2/1/2024","true"
"No142","Agua sin gas","1","$3,000","$3,000","2/1/2024","true"
"No174","Agua sin gas","1","$3,000","$3,000","2/1/2024","true"
"No218","Agua sin gas","1","$3,000","$3,000","2/1/2024","true"
"No224","Agua sin gas","1","$3,000","$3,000","2/1/2024","true"
"No228","Agua sin gas","2","$3,000","$6,000","2/1/2024","true"
"No251","Agua sin gas","1","$3,000","$3,000","2/1/2024","true"
"No257","Agua sin gas","1","$3,000","$3,000","2/1/2024","true"
"No259","Agua sin gas","1","$3,000","$3,000","2/1/2024","true"
"No267","Agua sin gas","3","$3,000","$9,000","2/1/2024","true"
"No274","Agua sin gas","2","$3,000","$6,000","2/1/2024","true"
"No303","Agua sin gas","1","$3,000","$3,000","2/1/2024","true"
"No16","Aguacate","1","$4,000","$4,000","2/1/2024","true"
"No102","Aguacate","1","$4,000","$4,000","2/1/2024","true"
"No118","Aguacate","1","$4,000","$4,000","2/1/2024","true"
"No123","Aguacate","1","$4,000","$4,000","2/1/2024","true"
"No196","Aguacate","1","$4,000","$4,000","2/1/2024","true"
"No336","Aguacate","1","$4,000","$4,000","2/1/2024","true"
"No143","Aguila Botella","1","$3,500","$4,165","2/1/2024","true"
"No144","Aguila light Botella","1","$4,202","$5,000","2/1/2024","true"
"No4","Americano","1","$6,190","$6,500","2/1/2024","true"
"No17","Americano","1","$6,190","$6,500","2/1/2024","true"
"No19","Americano","1","$6,190","$6,500","2/1/2024","true"
"No22","Americano","1","$6,190","$6,500","2/1/2024","true"
"No36","Americano","1","$6,190","$6,500","2/1/2024","true"
"No39","Americano","1","$6,190","$6,500","2/1/2024","true"
"No52","Americano","1","$6,190","$6,500","2/1/2024","true"
"No56","Americano","1","$6,190","$6,500","2/1/2024","true"
"No84","Americano","2","$6,190","$13,000","2/1/2024","true"
"No93","Americano","1","$6,190","$6,500","2/1/2024","true"
"No100","Americano","1","$6,190","$6,500","2/1/2024","true"
"No110","Americano","2","$6,190","$13,000","2/1/2024","true"
"No128","Americano","1","$6,190","$6,500","2/1/2024","true"
"No152","Americano","3","$6,190","$19,500","2/1/2024","true"
"No174","Americano","1","$6,190","$6,500","2/1/2024","true"
"No178","Americano","2","$6,190","$13,000","2/1/2024","true"
"No190","Americano","1","$6,190","$6,500","2/1/2024","true"
"No195","Americano","1","$6,190","$6,500","2/1/2024","true"
"No199","Americano","1","$6,190","$6,500","2/1/2024","true"
"No217","Americano","1","$6,190","$6,500","2/1/2024","true"
"No221","Americano","1","$6,190","$6,500","2/1/2024","true"
"No221","Americano","2","$6,190","$13,000","2/1/2024","true"
"No237","Americano","1","$6,190","$6,500","2/1/2024","true"
"No247","Americano","1","$6,190","$6,500","2/1/2024","true"
"No248","Americano","1","$6,190","$6,500","2/1/2024","true"
"No257","Americano","1","$6,190","$6,500","2/1/2024","true"
"No269","Americano","1","$6,190","$6,500","2/1/2024","true"
"No271","Americano","1","$6,190","$6,500","2/1/2024","true"
"No283","Americano","1","$6,190","$6,500","2/1/2024","true"
"No300","Americano","1","$6,190","$6,500","2/1/2024","true"
"No301","Americano","1","$6,190","$6,500","2/1/2024","true"
"No306","Americano","1","$6,190","$6,500","2/1/2024","true"
"No310","Americano","1","$6,190","$6,500","2/1/2024","true"
"No330","Americano","1","$6,190","$6,500","2/1/2024","true"
"No338","Americano","1","$6,190","$6,500","2/1/2024","true"
"No294","Arepa Blanca","1","$4,000","$4,000","2/1/2024","true"
"No81","Aromatica","1","$2,500","$2,500","2/1/2024","true"
"No160","Aromatica","1","$2,500","$2,500","2/1/2024","true"
"No195","Aromatica","1","$2,500","$2,500","2/1/2024","true"
"No205","Aromatica","1","$2,500","$2,500","2/1/2024","true"
"No206","Aromatica","1","$2,500","$2,500","2/1/2024","true"
"No208","Aromatica","1","$2,500","$2,500","2/1/2024","true"
"No265","Aromatica","1","$2,500","$2,500","2/1/2024","true"
"No341","Aromatica","2","$2,500","$5,000","2/1/2024","true"
"No48","Batido Chocolate Chai","1","$7,619","$8,000","2/1/2024","true"
"No131","Batido Chocolate Chai","1","$7,619","$8,000","2/1/2024","true"
"No44","Bebida de almendras","1","$2,000","$2,000","2/1/2024","true"
"No69","Bebida de almendras","1","$2,000","$2,000","2/1/2024","true"
"No130","Bebida de almendras","2","$2,000","$4,000","2/1/2024","true"
"No131","Bebida de almendras","1","$2,000","$2,000","2/1/2024","true"
"No136","Bebida de almendras","1","$2,000","$2,000","2/1/2024","true"
"No186","Bebida de almendras","1","$2,000","$2,000","2/1/2024","true"
"No207","Bebida de almendras","1","$2,000","$2,000","2/1/2024","true"
"No212","Bebida de almendras","1","$2,000","$2,000","2/1/2024","true"
"No234","Bebida de almendras","1","$2,000","$2,000","2/1/2024","true"
"No327","Bebida de almendras","1","$2,000","$2,000","2/1/2024","true"
"No34","Bowl de yogurt y frutas","1","$17,000","$17,000","2/1/2024","true"
"No70","Bowl de yogurt y frutas","1","$17,000","$17,000","2/1/2024","true"
"No235","Bowl de yogurt y frutas","1","$17,000","$17,000","2/1/2024","true"
"No296","Bowl de yogurt y frutas","1","$17,000","$17,000","2/1/2024","true"
"No333","Bowl de yogurt y frutas","1","$17,000","$17,000","2/1/2024","true"
"No22","Bowl de Yogurt y Granola","1","$18,000","$18,000","2/1/2024","true"
"No45","Café La Vega","1","$33,333","$35,000","2/1/2024","true"
"No328","Café La Vega","1","$33,333","$35,000","2/1/2024","true"
"No153","Café Opera","1","$11,429","$12,000","2/1/2024","true"
"No307","Café Opera","2","$11,429","$24,000","2/1/2024","true"
"No131","Calentao","1","$22,000","$22,000","2/1/2024","true"
"No181","Calentao","1","$22,000","$22,000","2/1/2024","true"
"No294","Calentao","1","$22,000","$22,000","2/1/2024","true"
"No4","Capuchino","1","$6,190","$6,500","2/1/2024","true"
"No5","Capuchino","1","$6,190","$6,500","2/1/2024","true"
"No6","Capuchino","2","$6,190","$13,000","2/1/2024","true"
"No8","Capuchino","1","$6,190","$6,500","2/1/2024","true"
"No9","Capuchino","1","$6,190","$6,500","2/1/2024","true"
"No13","Capuchino","1","$6,190","$6,500","2/1/2024","true"
"No14","Capuchino","1","$6,190","$6,500","2/1/2024","true"
"No16","Capuchino","1","$6,190","$6,500","2/1/2024","true"
"No18","Capuchino","1","$6,190","$6,500","2/1/2024","true"
"No22","Capuchino","1","$6,190","$6,500","2/1/2024","true"
"No29","Capuchino","1","$6,190","$6,500","2/1/2024","true"
"No32","Capuchino","1","$6,190","$6,500","2/1/2024","true"
"No32","Capuchino","1","$6,190","$6,500","2/1/2024","true"
"No35","Capuchino","4","$6,190","$26,000","2/1/2024","true"
"No40","Capuchino","2","$6,190","$13,000","2/1/2024","true"
"No44","Capuchino","1","$6,190","$6,500","2/1/2024","true"
"No46","Capuchino","1","$6,190","$6,500","2/1/2024","true"
"No47","Capuchino","2","$6,190","$13,000","2/1/2024","true"
"No58","Capuchino","1","$6,190","$6,500","2/1/2024","true"
"No59","Capuchino","1","$6,190","$6,500","2/1/2024","true"
"No60","Capuchino","1","$6,190","$6,500","2/1/2024","true"
"No66","Capuchino","1","$6,190","$6,500","2/1/2024","true"
"No67","Capuchino","1","$6,190","$6,500","2/1/2024","true"
"No71","Capuchino","1","$6,190","$6,500","2/1/2024","true"
"No71","Capuchino","1","$6,190","$6,500","2/1/2024","true"
"No71","Capuchino","1","$6,190","$6,500","2/1/2024","true"
"No78","Capuchino","1","$6,190","$6,500","2/1/2024","true"
"No80","Capuchino","1","$6,190","$6,500","2/1/2024","true"
"No82","Capuchino","2","$6,190","$13,000","2/1/2024","true"
"No83","Capuchino","1","$6,190","$6,500","2/1/2024","true"
"No83","Capuchino","1","$6,190","$6,500","2/1/2024","true"
"No90","Capuchino","1","$6,190","$6,500","2/1/2024","true"
"No90","Capuchino","1","$6,190","$6,500","2/1/2024","true"
"No90","Capuchino","1","$6,190","$6,500","2/1/2024","true"
"No91","Capuchino","2","$6,190","$13,000","2/1/2024","true"
"No93","Capuchino","1","$6,190","$6,500","2/1/2024","true"
"No96","Capuchino","1","$6,190","$6,500","2/1/2024","true"
"No97","Capuchino","1","$6,190","$6,500","2/1/2024","true"
"No99","Capuchino","2","$6,190","$13,000","2/1/2024","true"
"No101","Capuchino","1","$6,190","$6,500","2/1/2024","true"
"No102","Capuchino","1","$6,190","$6,500","2/1/2024","true"
"No103","Capuchino","3","$6,190","$19,500","2/1/2024","true"
"No106","Capuchino","1","$6,190","$6,500","2/1/2024","true"
"No108","Capuchino","1","$6,190","$6,500","2/1/2024","true"
"No111","Capuchino","2","$6,190","$13,000","2/1/2024","true"
"No117","Capuchino","1","$6,190","$6,500","2/1/2024","true"
"No118","Capuchino","1","$6,190","$6,500","2/1/2024","true"
"No125","Capuchino","1","$6,190","$6,500","2/1/2024","true"
"No125","Capuchino","1","$6,190","$6,500","2/1/2024","true"
"No127","Capuchino","1","$6,190","$6,500","2/1/2024","true"
"No132","Capuchino","1","$6,190","$6,500","2/1/2024","true"
"No149","Capuchino","1","$6,190","$6,500","2/1/2024","true"
"No153","Capuchino","1","$6,190","$6,500","2/1/2024","true"
"No164","Capuchino","1","$6,190","$6,500","2/1/2024","true"
"No169","Capuchino","1","$6,190","$6,500","2/1/2024","true"
"No171","Capuchino","2","$6,190","$13,000","2/1/2024","true"
"No172","Capuchino","1","$6,190","$6,500","2/1/2024","true"
"No172","Capuchino","1","$6,190","$6,500","2/1/2024","true"
"No173","Capuchino","1","$6,190","$6,500","2/1/2024","true"
"No173","Capuchino","1","$6,190","$6,500","2/1/2024","true"
"No173","Capuchino","1","$6,190","$6,500","2/1/2024","true"
"No179","Capuchino","1","$6,190","$6,500","2/1/2024","true"
"No185","Capuchino","1","$6,190","$6,500","2/1/2024","true"
"No186","Capuchino","1","$6,190","$6,500","2/1/2024","true"
"No188","Capuchino","1","$6,190","$6,500","2/1/2024","true"
"No192","Capuchino","2","$6,190","$13,000","2/1/2024","true"
"No193","Capuchino","2","$6,190","$13,000","2/1/2024","true"
"No194","Capuchino","1","$6,190","$6,500","2/1/2024","true"
"No195","Capuchino","1","$6,190","$6,500","2/1/2024","true"
"No199","Capuchino","1","$6,190","$6,500","2/1/2024","true"
"No201","Capuchino","1","$6,190","$6,500","2/1/2024","true"
"No206","Capuchino","1","$6,190","$6,500","2/1/2024","true"
"No213","Capuchino","2","$6,190","$13,000","2/1/2024","true"
"No225","Capuchino","1","$6,190","$6,500","2/1/2024","true"
"No228","Capuchino","2","$6,190","$12,999","2/1/2024","true"
"No229","Capuchino","2","$6,190","$13,000","2/1/2024","true"
"No230","Capuchino","1","$6,190","$6,500","2/1/2024","true"
"No232","Capuchino","1","$6,190","$6,500","2/1/2024","true"
"No236","Capuchino","2","$6,190","$13,000","2/1/2024","true"
"No238","Capuchino","2","$6,190","$13,000","2/1/2024","true"
"No241","Capuchino","1","$6,190","$6,500","2/1/2024","true"
"No256","Capuchino","1","$6,190","$6,500","2/1/2024","true"
"No257","Capuchino","1","$6,190","$6,500","2/1/2024","true"
"No257","Capuchino","1","$6,190","$6,500","2/1/2024","true"
"No261","Capuchino","2","$6,190","$13,000","2/1/2024","true"
"No263","Capuchino","2","$6,190","$13,000","2/1/2024","true"
"No265","Capuchino","1","$6,190","$6,500","2/1/2024","true"
"No266","Capuchino","1","$6,190","$6,500","2/1/2024","true"
"No266","Capuchino","1","$6,190","$6,500","2/1/2024","true"
"No270","Capuchino","1","$6,190","$6,500","2/1/2024","true"
"No272","Capuchino","2","$6,190","$13,000","2/1/2024","true"
"No275","Capuchino","1","$6,190","$6,500","2/1/2024","true"
"No280","Capuchino","1","$6,190","$6,500","2/1/2024","true"
"No287","Capuchino","1","$6,190","$6,500","2/1/2024","true"
"No288","Capuchino","1","$6,190","$6,500","2/1/2024","true"
"No291","Capuchino","1","$6,190","$6,500","2/1/2024","true"
"No292","Capuchino","1","$6,190","$6,500","2/1/2024","true"
"No293","Capuchino","1","$6,190","$6,500","2/1/2024","true"
"No294","Capuchino","1","$6,190","$6,500","2/1/2024","true"
"No294","Capuchino","1","$6,190","$6,500","2/1/2024","true"
"No294","Capuchino","1","$6,190","$6,500","2/1/2024","true"
"No295","Capuchino","1","$6,190","$6,500","2/1/2024","true"
"No295","Capuchino","1","$6,190","$6,500","2/1/2024","true"
"No295","Capuchino","1","$6,190","$6,500","2/1/2024","true"
"No299","Capuchino","1","$6,190","$6,500","2/1/2024","true"
"No302","Capuchino","1","$6,190","$6,500","2/1/2024","true"
"No315","Capuchino","2","$6,190","$13,000","2/1/2024","true"
"No317","Capuchino","1","$6,190","$6,500","2/1/2024","true"
"No317","Capuchino","1","$6,190","$6,500","2/1/2024","true"
"No318","Capuchino","1","$6,190","$6,500","2/1/2024","true"
"No319","Capuchino","1","$6,190","$6,500","2/1/2024","true"
"No320","Capuchino","1","$6,190","$6,500","2/1/2024","true"
"No321","Capuchino","1","$6,190","$6,500","2/1/2024","true"
"No324","Capuchino","1","$6,190","$6,500","2/1/2024","true"
"No326","Capuchino","1","$6,190","$6,500","2/1/2024","true"
"No330","Capuchino","1","$6,190","$6,500","2/1/2024","true"
"No331","Capuchino","1","$6,190","$6,500","2/1/2024","true"
"No333","Capuchino","1","$6,190","$6,500","2/1/2024","true"
"No340","Capuchino","1","$6,190","$6,500","2/1/2024","true"
"No349","Capuchino","1","$6,190","$6,500","2/1/2024","true"
"No98","Carajillo","1","$11,000","$11,000","2/1/2024","true"
"No94","Cerveza de cafe","1","$15,000","$15,000","2/1/2024","true"
"No88","Chai agua","1","$7,000","$7,000","2/1/2024","true"
"No278","Chai agua","1","$7,000","$7,000","2/1/2024","true"
"No207","Chai latte","1","$8,000","$8,000","2/1/2024","true"
"No224","Chai latte","1","$8,000","$8,000","2/1/2024","true"
"No346","Chai latte","1","$8,000","$8,000","2/1/2024","true"
"No348","Chai latte","1","$8,000","$8,000","2/1/2024","true"
"No21","Chai Latte frio","1","$9,000","$7,000","2/1/2024","true"
"No175","Chai Latte frio","2","$9,000","$18,000","2/1/2024","true"
"No186","Chai Latte frio","1","$9,000","$9,000","2/1/2024","true"
"No208","Chai Latte frio","1","$9,000","$9,000","2/1/2024","true"
"No235","Chai Latte frio","1","$9,000","$9,000","2/1/2024","true"
"No301","Chai Latte frio","1","$9,000","$9,000","2/1/2024","true"
"No41","Chantilly","1","$2,000","$2,000","2/1/2024","true"
"No81","Chantilly","1","$2,000","$2,000","2/1/2024","true"
"No138","Chantilly","1","$2,000","$2,000","2/1/2024","true"
"No161","Chantilly","1","$2,000","$2,000","2/1/2024","true"
"No162","Chantilly","1","$2,000","$2,000","2/1/2024","true"
"No225","Chantilly","1","$2,000","$2,000","2/1/2024","true"
"No37","Chocolate","1","$7,000","$7,000","2/1/2024","true"
"No50","Chocolate","2","$7,000","$14,000","2/1/2024","true"
"No51","Chocolate","2","$7,000","$14,000","2/1/2024","true"
"No231","Chocolate","1","$7,000","$7,000","2/1/2024","true"
"No239","Chocolate","1","$7,000","$7,000","2/1/2024","true"
"No262","Chocolate","1","$7,000","$7,000","2/1/2024","true"
"No297","Chocolate","1","$7,000","$7,000","2/1/2024","true"
"No317","Chocolate","1","$7,000","$7,000","2/1/2024","true"
"No91","Chorizo y mote","1","$18,500","$18,500","2/1/2024","true"
"No117","Chorizo y mote","1","$18,500","$18,500","2/1/2024","true"
"No121","Chorizo y mote","1","$18,500","$18,500","2/1/2024","true"
"No131","Chorizo y mote","1","$18,500","$18,500","2/1/2024","true"
"No231","Chorizo y mote","1","$18,500","$18,500","2/1/2024","true"
"No23","Club Colombia Dorada Botella","1","$3,782","$4,500","2/1/2024","true"
"No166","Club Colombia Dorada Botella","1","$5,500","$5,500","2/1/2024","true"
"No3","Club Colombia Negra Lata 330ml","1","$5,000","$5,950","2/1/2024","true"
"No28","Club Colombia Negra Lata 330ml","1","$5,000","$5,950","2/1/2024","true"
"No246","Club Colombia Negra Lata 330ml","1","$5,000","$5,950","2/1/2024","true"
"No80","Club Colombia Roja Botella","1","$4,500","$5,355","2/1/2024","true"
"No86","Club Colombia Roja Botella","1","$4,500","$5,355","2/1/2024","true"
"No227","Club Temporada Botella","2","$3,782","$9,000","2/1/2024","true"
"No59","Club Temporada Lata 330ml","1","$4,202","$5,000","2/1/2024","true"
"No7","Coca Cola","1","$5,000","$5,950","2/1/2024","true"
"No141","Coca Cola","1","$5,000","$5,950","2/1/2024","true"
"No156","Coca Cola","2","$5,000","$10,000","2/1/2024","true"
"No157","Coca Cola","1","$5,000","$5,000","2/1/2024","true"
"No174","Coca Cola","1","$5,000","$5,000","2/1/2024","true"
"No179","Coca Cola","1","$5,000","$5,000","2/1/2024","true"
"No210","Coca Cola","3","$5,000","$15,000","2/1/2024","true"
"No339","Coca Cola","1","$5,000","$5,000","2/1/2024","true"
"No345","Coca Cola","2","$5,000","$10,000","2/1/2024","true"
"No145","Coca Cola Zero","1","$5,000","$5,000","2/1/2024","true"
"No163","Coca Cola Zero","2","$5,000","$10,000","2/1/2024","true"
"No174","Coca Cola Zero","1","$5,000","$5,000","2/1/2024","true"
"No279","Coca Cola Zero","1","$5,000","$5,000","2/1/2024","true"
"No309","Coca Cola Zero","5","$5,000","$25,000","2/1/2024","true"
"No337","Coca Cola Zero","1","$5,000","$5,000","2/1/2024","true"
"No38","Cold Brew Clasico","1","$7,619","$8,000","2/1/2024","true"
"No122","Cold Brew Clasico","1","$7,619","$8,000","2/1/2024","true"
"No130","Cold Brew Clasico","2","$7,619","$16,000","2/1/2024","true"
"No131","Cold Brew Clasico","1","$7,619","$8,000","2/1/2024","true"
"No207","Cold Brew Clasico","1","$7,619","$8,000","2/1/2024","true"
"No313","Cold Brew Clasico","1","$7,619","$8,000","2/1/2024","true"
"No347","Cold Brew Clasico","1","$7,619","$8,000","2/1/2024","true"
"No41","Cold Brew Maracuya","1","$7,619","$8,000","2/1/2024","true"
"No123","Cold Brew Maracuya","1","$7,619","$8,000","2/1/2024","true"
"No350","Cold Brew Maracuya","1","$7,619","$8,000","2/1/2024","true"
"No70","Cold Brew Naranja-Panela","1","$7,619","$8,000","2/1/2024","true"
"No10","Cold Brew te verde","1","$7,619","$8,000","2/1/2024","true"
"No20","Cold Brew te verde","1","$7,619","$8,000","2/1/2024","true"
"No53","Cold Brew te verde","1","$7,619","$8,000","2/1/2024","true"
"No233","Cold Brew te verde","1","$7,619","$8,000","2/1/2024","true"
"No240","Cold Brew te verde","1","$7,619","$8,000","2/1/2024","true"
"No276","Cold Brew te verde","1","$7,619","$8,000","2/1/2024","true"
"No282","Cold Brew te verde","2","$7,619","$16,000","2/1/2024","true"
"No60","Croissant jamon queso","1","$9,000","$9,000","2/1/2024","true"
"No96","Croissant jamon queso","1","$9,000","$9,000","2/1/2024","true"
"No163","Croissant jamon queso","1","$9,000","$9,000","2/1/2024","true"
"No167","Croissant jamon queso","1","$9,000","$9,000","2/1/2024","true"
"No186","Croissant jamon queso","1","$9,000","$9,000","2/1/2024","true"
"No195","Croissant jamon queso","1","$9,000","$9,000","2/1/2024","true"
"No225","Croissant jamon queso","1","$9,000","$9,000","2/1/2024","true"
"No226","Croissant jamon queso","1","$9,000","$9,000","2/1/2024","true"
"No285","Croissant jamon queso","1","$9,000","$9,000","2/1/2024","true"
"No291","Croissant jamon queso","1","$9,000","$9,000","2/1/2024","true"
"No308","Croissant jamon queso","1","$9,000","$9,000","2/1/2024","true"
"No309","Croissant jamon queso","1","$9,000","$9,000","2/1/2024","true"
"No310","Croissant jamon queso","1","$9,000","$9,000","2/1/2024","true"
"No339","Croissant jamon queso","1","$9,000","$9,000","2/1/2024","true"
"No230","Croissant mantequilla","1","$7,000","$7,000","2/1/2024","true"
"No252","Croissant mantequilla","2","$7,000","$14,000","2/1/2024","true"
"No261","Croissant mantequilla","2","$7,000","$14,000","2/1/2024","true"
"No48","Croissant queso","1","$8,000","$8,000","2/1/2024","true"
"No50","Croissant queso","1","$8,000","$8,000","2/1/2024","true"
"No165","Croissant queso","1","$8,000","$8,000","2/1/2024","true"
"No179","Croissant queso","1","$8,000","$8,000","2/1/2024","true"
"No210","Croissant queso","2","$8,000","$16,000","2/1/2024","true"
"No222","Croissant queso","2","$8,000","$16,000","2/1/2024","true"
"No226","Croissant queso","1","$8,000","$8,000","2/1/2024","true"
"No256","Croissant queso","1","$8,000","$8,000","2/1/2024","true"
"No269","Croissant queso","1","$8,000","$8,000","2/1/2024","true"
"No314","Croissant queso","1","$8,000","$8,000","2/1/2024","true"
"No317","Croissant queso","1","$8,000","$8,000","2/1/2024","true"
"No319","Croissant queso","1","$8,000","$8,000","2/1/2024","true"
"No341","Croissant queso","1","$8,000","$8,000","2/1/2024","true"
"No349","Croissant queso","1","$8,000","$8,000","2/1/2024","true"
"No5","Desechable Bebida","1","$800","$800","2/1/2024","true"
"No9","Desechable Bebida","1","$800","$800","2/1/2024","true"
"No20","Desechable Bebida","1","$800","$800","2/1/2024","true"
"No58","Desechable Bebida","1","$800","$800","2/1/2024","true"
"No63","Desechable Bebida","1","$800","$800","2/1/2024","true"
"No65","Desechable Bebida","1","$800","$800","2/1/2024","true"
"No75","Desechable Bebida","1","$800","$800","2/1/2024","true"
"No79","Desechable Bebida","1","$800","$800","2/1/2024","true"
"No79","Desechable Bebida","1","$800","$800","2/1/2024","true"
"No90","Desechable Bebida","1","$800","$800","2/1/2024","true"
"No90","Desechable Bebida","1","$800","$800","2/1/2024","true"
"No90","Desechable Bebida","1","$800","$800","2/1/2024","true"
"No113","Desechable Bebida","2","$800","$1,600","2/1/2024","true"
"No119","Desechable Bebida","1","$800","$800","2/1/2024","true"
"No121","Desechable Bebida","2","$800","$1,600","2/1/2024","true"
"No124","Desechable Bebida","2","$800","$1,600","2/1/2024","true"
"No130","Desechable Bebida","1","$800","$800","2/1/2024","true"
"No132","Desechable Bebida","2","$800","$1,600","2/1/2024","true"
"No154","Desechable Bebida","1","$800","$800","2/1/2024","true"
"No165","Desechable Bebida","1","$800","$800","2/1/2024","true"
"No167","Desechable Bebida","2","$800","$1,600","2/1/2024","true"
"No171","Desechable Bebida","2","$800","$1,600","2/1/2024","true"
"No172","Desechable Bebida","1","$800","$800","2/1/2024","true"
"No173","Desechable Bebida","1","$800","$800","2/1/2024","true"
"No173","Desechable Bebida","1","$800","$800","2/1/2024","true"
"No173","Desechable Bebida","1","$800","$800","2/1/2024","true"
"No214","Desechable Bebida","1","$800","$800","2/1/2024","true"
"No229","Desechable Bebida","2","$800","$1,600","2/1/2024","true"
"No237","Desechable Bebida","1","$800","$800","2/1/2024","true"
"No276","Desechable Bebida","1","$800","$800","2/1/2024","true"
"No294","Desechable Bebida","1","$800","$800","2/1/2024","true"
"No298","Desechable Bebida","1","$800","$800","2/1/2024","true"
"No330","Desechable Bebida","1","$800","$800","2/1/2024","true"
"No330","Desechable Bebida","1","$800","$800","2/1/2024","true"
"No342","Desechable Bebida","1","$800","$800","2/1/2024","true"
"No344","Desechable Bebida","1","$800","$800","2/1/2024","true"
"No26","Desechable Comida","1","$1,500","$1,500","2/1/2024","true"
"No38","Desechable Comida","1","$1,500","$1,500","2/1/2024","true"
"No38","Desechable Comida","1","$1,500","$1,500","2/1/2024","true"
"No69","Desechable Comida","1","$1,500","$1,500","2/1/2024","true"
"No69","Desechable Comida","1","$1,500","$1,500","2/1/2024","true"
"No121","Desechable Comida","2","$1,500","$3,000","2/1/2024","true"
"No124","Desechable Comida","1","$1,500","$1,500","2/1/2024","true"
"No130","Desechable Comida","1","$1,500","$1,500","2/1/2024","true"
"No131","Desechable Comida","1","$1,500","$1,500","2/1/2024","true"
"No146","Desechable Comida","1","$1,500","$1,500","2/1/2024","true"
"No172","Desechable Comida","1","$1,500","$1,500","2/1/2024","true"
"No188","Desechable Comida","1","$1,500","$1,500","2/1/2024","true"
"No192","Desechable Comida","1","$1,500","$1,500","2/1/2024","true"
"No200","Desechable Comida","1","$1,500","$1,500","2/1/2024","true"
"No229","Desechable Comida","4","$1,500","$6,000","2/1/2024","true"
"No260","Desechable Comida","2","$1,500","$3,000","2/1/2024","true"
"No286","Desechable Comida","1","$1,500","$1,500","2/1/2024","true"
"No289","Desechable Comida","2","$1,500","$3,000","2/1/2024","true"
"No313","Desechable Comida","3","$1,500","$4,500","2/1/2024","true"
"No103","Desyuno Colombiano","1","$18,000","$18,000","2/1/2024","true"
"No229","Desyuno Colombiano","2","$18,000","$36,000","2/1/2024","true"
"No236","Desyuno Colombiano","1","$18,000","$18,000","2/1/2024","true"
"No260","Desyuno Colombiano","1","$18,000","$18,000","2/1/2024","true"
"No101","Espresso","1","$4,286","$4,500","2/1/2024","true"
"No205","Espresso","1","$4,286","$4,500","2/1/2024","true"
"No230","Espresso","1","$4,286","$4,500","2/1/2024","true"
"No259","Espresso","1","$4,286","$4,500","2/1/2024","true"
"No259","Espresso","1","$4,286","$4,500","2/1/2024","true"
"No270","Espresso","2","$4,286","$9,000","2/1/2024","true"
"No177","Espresso Doble","1","$6,190","$6,500","2/1/2024","true"
"No197","Espresso Doble","2","$6,190","$13,000","2/1/2024","true"
"No239","Espresso Doble","1","$6,190","$6,500","2/1/2024","true"
"No275","Espresso Doble","2","$6,190","$13,000","2/1/2024","true"
"No311","Espresso Escarchado","1","$6,500","$6,500","2/1/2024","true"
"No49","Frappe caramelo","2","$8,571","$18,000","2/1/2024","true"
"No59","Frappe caramelo","1","$8,571","$9,000","2/1/2024","true"
"No75","Frappe caramelo","1","$8,571","$9,000","2/1/2024","true"
"No81","Frappe caramelo","1","$8,571","$9,000","2/1/2024","true"
"No94","Frappe caramelo","1","$8,571","$9,000","2/1/2024","true"
"No123","Frappe caramelo","1","$8,571","$9,000","2/1/2024","true"
"No298","Frappe caramelo","1","$8,571","$9,000","2/1/2024","true"
"No350","Frappe caramelo","1","$8,571","$9,000","2/1/2024","true"
"No160","Frappe chocolate","1","$8,571","$9,000","2/1/2024","true"
"No233","Frappe chocolate","1","$8,571","$9,000","2/1/2024","true"
"No21","Frappe Clasico","3","$8,571","$27,000","2/1/2024","true"
"No48","Frappe Clasico","1","$8,571","$9,000","2/1/2024","true"
"No92","Frappe Clasico","1","$8,571","$9,000","2/1/2024","true"
"No109","Frappe Clasico","1","$8,571","$9,000","2/1/2024","true"
"No121","Frappe Clasico","1","$8,571","$9,000","2/1/2024","true"
"No130","Frappe Clasico","1","$8,571","$9,000","2/1/2024","true"
"No154","Frappe Clasico","1","$8,571","$9,000","2/1/2024","true"
"No155","Frappe Clasico","2","$8,571","$18,000","2/1/2024","true"
"No158","Frappe Clasico","4","$8,571","$36,000","2/1/2024","true"
"No165","Frappe Clasico","1","$8,571","$9,000","2/1/2024","true"
"No180","Frappe Clasico","1","$8,571","$9,000","2/1/2024","true"
"No212","Frappe Clasico","1","$8,571","$9,000","2/1/2024","true"
"No215","Frappe Clasico","1","$8,571","$9,000","2/1/2024","true"
"No225","Frappe Clasico","1","$8,571","$9,000","2/1/2024","true"
"No234","Frappe Clasico","1","$8,571","$9,000","2/1/2024","true"
"No251","Frappe Clasico","1","$8,571","$9,000","2/1/2024","true"
"No312","Frappe Clasico","1","$8,571","$9,000","2/1/2024","true"
"No322","Frappe Clasico","1","$8,571","$9,000","2/1/2024","true"
"No329","Frappe Clasico","1","$8,571","$9,000","2/1/2024","true"
"No332","Frappe Clasico","1","$8,571","$9,000","2/1/2024","true"
"No345","Frappe Clasico","1","$8,571","$9,000","2/1/2024","true"
"No210","Frappe Fresa","1","$8,571","$9,000","2/1/2024","true"
"No74","Frappe vainilla","1","$8,571","$9,000","2/1/2024","true"
"No77","Frappe vainilla","1","$8,571","$9,000","2/1/2024","true"
"No184","Frappe vainilla","1","$8,571","$9,000","2/1/2024","true"
"No47","Galleta Avena","1","$3,000","$3,000","2/1/2024","true"
"No57","Galleta Avena","2","$3,000","$6,000","2/1/2024","true"
"No66","Galleta Avena","1","$3,000","$3,000","2/1/2024","true"
"No70","Galleta Avena","1","$3,000","$3,000","2/1/2024","true"
"No81","Galleta Avena","1","$3,000","$3,000","2/1/2024","true"
"No83","Galleta Avena","1","$3,000","$3,000","2/1/2024","true"
"No112","Galleta Avena","1","$3,000","$3,000","2/1/2024","true"
"No135","Galleta Avena","1","$3,000","$3,000","2/1/2024","true"
"No160","Galleta Avena","1","$3,000","$3,000","2/1/2024","true"
"No164","Galleta Avena","1","$3,000","$3,000","2/1/2024","true"
"No167","Galleta Avena","2","$3,000","$6,000","2/1/2024","true"
"No168","Galleta Avena","1","$3,000","$3,000","2/1/2024","true"
"No170","Galleta Avena","1","$3,000","$3,000","2/1/2024","true"
"No38","Galleta red velvet","1","$3,000","$3,000","2/1/2024","true"
"No43","Guandolo Flor de Jamaica","1","$6,000","$6,000","2/1/2024","true"
"No88","Guandolo Jengibre","1","$6,000","$6,000","2/1/2024","true"
"No335","Guandolo Jengibre","1","$6,000","$6,000","2/1/2024","true"
"No50","Guandolo Naranja","1","$6,000","$6,000","2/1/2024","true"
"No2","Hogao","1","$3,000","$3,000","2/1/2024","true"
"No102","Hogao","1","$3,000","$3,000","2/1/2024","true"
"No110","Hogao","1","$3,000","$3,000","2/1/2024","true"
"No336","Hogao","1","$3,000","$3,000","2/1/2024","true"
"No70","Huevo Frito","1","$3,500","$3,500","2/1/2024","true"
"No85","Huevo Frito","1","$3,500","$3,500","2/1/2024","true"
"No123","Huevo Frito","1","$3,500","$3,500","2/1/2024","true"
"No123","Huevo Frito","1","$3,500","$3,500","2/1/2024","true"
"No181","Huevo Frito","2","$3,500","$7,000","2/1/2024","true"
"No18","Huevos Shakshukas","1","$19,500","$19,500","2/1/2024","true"
"No102","Huevos Shakshukas","1","$19,500","$19,500","2/1/2024","true"
"No110","Huevos Shakshukas","1","$19,500","$19,500","2/1/2024","true"
"No123","Huevos Shakshukas","1","$19,500","$19,500","2/1/2024","true"
"No257","Huevos Shakshukas","2","$19,500","$39,000","2/1/2024","true"
"No262","Huevos Shakshukas","1","$19,500","$19,500","2/1/2024","true"
"No273","Huevos Shakshukas","1","$19,500","$19,500","2/1/2024","true"
"No2","Jamón Ahumado","1","$4,000","$4,000","2/1/2024","true"
"No12","Jugo natural","1","$6,000","$6,000","2/1/2024","true"
"No14","Jugo natural","1","$6,000","$6,000","2/1/2024","true"
"No23","Jugo natural","1","$6,000","$6,000","2/1/2024","true"
"No25","Jugo natural","1","$6,000","$6,000","2/1/2024","true"
"No35","Jugo natural","2","$6,000","$12,000","2/1/2024","true"
"No36","Jugo natural","1","$6,000","$6,000","2/1/2024","true"
"No54","Jugo natural","1","$6,000","$6,000","2/1/2024","true"
"No70","Jugo natural","3","$6,000","$18,000","2/1/2024","true"
"No76","Jugo natural","1","$6,000","$6,000","2/1/2024","true"
"No79","Jugo natural","1","$6,000","$6,000","2/1/2024","true"
"No79","Jugo natural","1","$6,000","$6,000","2/1/2024","true"
"No87","Jugo natural","1","$6,000","$6,000","2/1/2024","true"
"No87","Jugo natural","1","$6,000","$6,000","2/1/2024","true"
"No119","Jugo natural","2","$6,000","$12,000","2/1/2024","true"
"No134","Jugo natural","1","$6,000","$6,000","2/1/2024","true"
"No136","Jugo natural","1","$6,000","$6,000","2/1/2024","true"
"No140","Jugo natural","2","$6,000","$12,000","2/1/2024","true"
"No160","Jugo natural","1","$6,000","$6,000","2/1/2024","true"
"No180","Jugo natural","1","$6,000","$6,000","2/1/2024","true"
"No183","Jugo natural","1","$6,000","$6,000","2/1/2024","true"
"No195","Jugo natural","1","$6,000","$6,000","2/1/2024","true"
"No245","Jugo natural","1","$6,000","$6,000","2/1/2024","true"
"No290","Jugo natural","1","$6,000","$6,000","2/1/2024","true"
"No324","Jugo natural","1","$6,000","$6,000","2/1/2024","true"
"No343","Jugo natural","1","$6,000","$6,000","2/1/2024","true"
"No87","Kombucha Per Te","1","$10,000","$10,000","2/1/2024","true"
"No124","Kombucha Per Te","1","$10,000","$10,000","2/1/2024","true"
"No146","Kombucha Per Te","1","$10,000","$10,000","2/1/2024","true"
"No159","Kombucha Per Te","1","$10,000","$10,000","2/1/2024","true"
"No189","Kombucha Per Te","1","$10,000","$10,000","2/1/2024","true"
"No284","Kombucha Per Te","1","$10,000","$10,000","2/1/2024","true"
"No341","Kombucha Per Te","1","$10,000","$10,000","2/1/2024","true"
"No27","Latte","1","$7,143","$7,500","2/1/2024","true"
"No31","Latte","2","$7,143","$15,000","2/1/2024","true"
"No34","Latte","2","$7,143","$15,000","2/1/2024","true"
"No55","Latte","1","$7,143","$7,500","2/1/2024","true"
"No76","Latte","1","$7,143","$7,500","2/1/2024","true"
"No84","Latte","2","$7,143","$15,000","2/1/2024","true"
"No101","Latte","1","$7,143","$7,500","2/1/2024","true"
"No111","Latte","1","$7,143","$7,500","2/1/2024","true"
"No113","Latte","2","$7,143","$15,000","2/1/2024","true"
"No121","Latte","1","$7,143","$7,500","2/1/2024","true"
"No124","Latte","1","$7,143","$7,500","2/1/2024","true"
"No125","Latte","1","$7,143","$7,500","2/1/2024","true"
"No132","Latte","1","$7,143","$7,500","2/1/2024","true"
"No136","Latte","1","$7,143","$7,500","2/1/2024","true"
"No154","Latte","1","$7,143","$7,500","2/1/2024","true"
"No179","Latte","1","$7,143","$7,500","2/1/2024","true"
"No182","Latte","1","$7,143","$7,500","2/1/2024","true"
"No188","Latte","1","$7,143","$7,500","2/1/2024","true"
"No217","Latte","1","$7,143","$7,500","2/1/2024","true"
"No219","Latte","1","$7,143","$7,500","2/1/2024","true"
"No252","Latte","2","$7,143","$15,000","2/1/2024","true"
"No254","Latte","1","$7,143","$7,500","2/1/2024","true"
"No258","Latte","1","$7,143","$7,500","2/1/2024","true"
"No287","Latte","1","$7,143","$7,500","2/1/2024","true"
"No314","Latte","1","$7,143","$7,500","2/1/2024","true"
"No327","Latte","1","$7,143","$7,500","2/1/2024","true"
"No333","Latte","1","$7,143","$7,500","2/1/2024","true"
"No63","Latte Especial","1","$8,095","$8,500","2/1/2024","true"
"No85","Latte Especial","2","$8,095","$17,000","2/1/2024","true"
"No89","Latte Especial","1","$8,095","$8,500","2/1/2024","true"
"No100","Latte Especial","1","$8,095","$8,500","2/1/2024","true"
"No105","Latte Especial","1","$8,095","$8,500","2/1/2024","true"
"No133","Latte Especial","1","$8,095","$8,500","2/1/2024","true"
"No147","Latte Especial","1","$8,095","$8,500","2/1/2024","true"
"No180","Latte Especial","1","$8,095","$8,500","2/1/2024","true"
"No184","Latte Especial","1","$8,095","$8,500","2/1/2024","true"
"No188","Latte Especial","1","$8,095","$8,500","2/1/2024","true"
"No204","Latte Especial","1","$8,095","$8,500","2/1/2024","true"
"No214","Latte Especial","1","$8,095","$8,500","2/1/2024","true"
"No304","Latte Especial","2","$8,095","$17,000","2/1/2024","true"
"No3","Latte Espuma de Cafe","1","$9,524","$10,000","2/1/2024","true"
"No39","Latte Espuma de Cafe","1","$9,524","$10,000","2/1/2024","true"
"No44","Latte Espuma de Cafe","1","$9,524","$10,000","2/1/2024","true"
"No50","Latte Espuma de Cafe","1","$9,524","$10,000","2/1/2024","true"
"No59","Latte Espuma de Cafe","1","$9,524","$10,000","2/1/2024","true"
"No72","Latte Espuma de Cafe","1","$9,524","$10,000","2/1/2024","true"
"No120","Latte Espuma de Cafe","2","$9,524","$20,000","2/1/2024","true"
"No124","Latte Espuma de Cafe","1","$9,524","$10,000","2/1/2024","true"
"No138","Latte Espuma de Cafe","1","$9,524","$10,000","2/1/2024","true"
"No139","Latte Espuma de Cafe","1","$9,524","$10,000","2/1/2024","true"
"No164","Latte Espuma de Cafe","3","$9,524","$30,000","2/1/2024","true"
"No186","Latte Espuma de Cafe","1","$9,524","$10,000","2/1/2024","true"
"No203","Latte Espuma de Cafe","2","$9,524","$20,000","2/1/2024","true"
"No249","Latte Espuma de Cafe","1","$9,524","$10,000","2/1/2024","true"
"No254","Latte Espuma de Cafe","1","$9,524","$10,000","2/1/2024","true"
"No277","Latte Espuma de Cafe","1","$9,524","$10,000","2/1/2024","true"
"No288","Latte Espuma de Cafe","1","$9,524","$10,000","2/1/2024","true"
"No304","Latte Espuma de Cafe","1","$9,524","$10,000","2/1/2024","true"
"No305","Latte Espuma de Cafe","1","$9,524","$10,000","2/1/2024","true"
"No310","Latte Espuma de Cafe","1","$9,524","$10,000","2/1/2024","true"
"No326","Latte Espuma de Cafe","1","$9,524","$10,000","2/1/2024","true"
"No342","Latte Espuma de Cafe","1","$9,524","$10,000","2/1/2024","true"
"No344","Latte Espuma de Cafe","1","$9,524","$10,000","2/1/2024","true"
"No346","Latte Espuma de Cafe","1","$9,524","$10,000","2/1/2024","true"
"No348","Latte Espuma de Cafe","1","$9,524","$10,000","2/1/2024","true"
"No18","Latte Hielo de Espresso","1","$7,619","$8,000","2/1/2024","true"
"No44","Latte Hielo de Espresso","1","$7,619","$8,000","2/1/2024","true"
"No70","Latte Hielo de Espresso","1","$7,619","$8,000","2/1/2024","true"
"No129","Latte Hielo de Espresso","3","$7,619","$24,000","2/1/2024","true"
"No161","Latte Hielo de Espresso","1","$7,619","$8,000","2/1/2024","true"
"No163","Latte Hielo de Espresso","1","$7,619","$8,000","2/1/2024","true"
"No234","Latte Hielo de Espresso","1","$7,619","$8,000","2/1/2024","true"
"No250","Latte Hielo de Espresso","1","$7,619","$8,000","2/1/2024","true"
"No273","Latte Hielo de Espresso","1","$7,619","$8,000","2/1/2024","true"
"No296","Latte Hielo de Espresso","1","$7,619","$8,000","2/1/2024","true"
"No303","Latte Hielo de Espresso","1","$7,619","$8,000","2/1/2024","true"
"No308","Latte Hielo de Espresso","3","$7,619","$24,000","2/1/2024","true"
"No21","Limonada Fresa","1","$7,000","$7,000","2/1/2024","true"
"No42","Limonada Fresa","1","$7,000","$7,000","2/1/2024","true"
"No168","Limonada Fresa","1","$7,000","$7,000","2/1/2024","true"
"No325","Limonada Fresa","1","$7,000","$7,000","2/1/2024","true"
"No43","Limonada Mango","1","$7,000","$7,000","2/1/2024","true"
"No134","Limonada Mango","1","$7,000","$7,000","2/1/2024","true"
"No313","Limonada Mango","1","$7,000","$7,000","2/1/2024","true"
"No12","Limonada Natural","1","$7,000","$7,000","2/1/2024","true"
"No94","Limonada Natural","1","$7,000","$7,000","2/1/2024","true"
"No175","Limonada Natural","1","$7,000","$7,000","2/1/2024","true"
"No185","Limonada Natural","1","$7,000","$7,000","2/1/2024","true"
"No225","Limonada Natural","1","$7,000","$7,000","2/1/2024","true"
"No254","Limonada Natural","1","$7,000","$7,000","2/1/2024","true"
"No299","Limonada Natural","1","$7,000","$7,000","2/1/2024","true"
"No304","Limonada Natural","2","$7,000","$14,000","2/1/2024","true"
"No312","Limonada Natural","1","$7,000","$7,000","2/1/2024","true"
"No334","Limonada Natural","1","$7,000","$7,000","2/1/2024","true"
"No133","Machiato","1","$7,619","$8,000","2/1/2024","true"
"No232","Machiato","1","$7,619","$8,000","2/1/2024","true"
"No27","Malteada de café","1","$15,238","$16,000","2/1/2024","true"
"No41","Malteada de café","1","$15,238","$16,000","2/1/2024","true"
"No161","Malteada de café","1","$15,238","$16,000","2/1/2024","true"
"No162","Malteada de café","1","$15,238","$16,000","2/1/2024","true"
"No285","Malteada de café","1","$15,238","$16,000","2/1/2024","true"
"No98","Milo Caliente","1","$8,000","$8,000","2/1/2024","true"
"No169","Milo Caliente","1","$8,000","$8,000","2/1/2024","true"
"No192","Milo Caliente","1","$8,000","$8,000","2/1/2024","true"
"No216","Milo Caliente","1","$8,000","$8,000","2/1/2024","true"
"No336","Milo Caliente","1","$8,000","$8,000","2/1/2024","true"
"No102","Milo Frio","1","$9,000","$9,000","2/1/2024","true"
"No107","Milo Frio","2","$9,000","$18,000","2/1/2024","true"
"No140","Mini Pie","1","$5,000","$5,000","2/1/2024","true"
"No153","Mini Pie Pollo","1","$5,000","$5,000","2/1/2024","true"
"No153","Mini Pie Pollo","1","$5,000","$5,000","2/1/2024","true"
"No165","Mini Pie Pollo","1","$5,000","$5,000","2/1/2024","true"
"No306","Nachos","1","$8,000","$8,000","2/1/2024","true"
"No13","Palito de queso","1","$8,000","$8,000","2/1/2024","true"
"No31","Palito de queso","1","$8,000","$8,000","2/1/2024","true"
"No103","Palito de queso","1","$8,000","$8,000","2/1/2024","true"
"No104","Palito de queso","1","$8,000","$8,000","2/1/2024","true"
"No114","Palito de queso","1","$8,000","$8,000","2/1/2024","true"
"No118","Palito de queso","1","$8,000","$8,000","2/1/2024","true"
"No120","Palito de queso","1","$8,000","$8,000","2/1/2024","true"
"No156","Palito de queso","2","$8,000","$16,000","2/1/2024","true"
"No160","Palito de queso","1","$8,000","$8,000","2/1/2024","true"
"No186","Palito de queso","1","$8,000","$8,000","2/1/2024","true"
"No193","Palito de queso","2","$8,000","$16,000","2/1/2024","true"
"No208","Palito de queso","1","$8,000","$8,000","2/1/2024","true"
"No258","Palito de queso","1","$8,000","$8,000","2/1/2024","true"
"No283","Palito de queso","1","$8,000","$8,000","2/1/2024","true"
"No287","Palito de queso","1","$8,000","$8,000","2/1/2024","true"
"No293","Palito de queso","1","$8,000","$8,000","2/1/2024","true"
"No308","Palito de queso","1","$8,000","$8,000","2/1/2024","true"
"No340","Palito de queso","1","$8,000","$8,000","2/1/2024","true"
"No345","Palito de queso","2","$8,000","$16,000","2/1/2024","true"
"No104","Pan Brioche","1","$4,000","$4,000","2/1/2024","true"
"No110","Pan Brioche","1","$4,000","$4,000","2/1/2024","true"
"No113","Pan Brioche","2","$4,000","$8,000","2/1/2024","true"
"No164","Pan Brioche","1","$4,000","$4,000","2/1/2024","true"
"No192","Pan Brioche","1","$4,000","$4,000","2/1/2024","true"
"No29","Pan Masa Madre Cuajada","1","$6,190","$6,500","2/1/2024","true"
"No31","Pan Masa Madre Cuajada","1","$6,190","$6,500","2/1/2024","true"
"No67","Pan Masa Madre Cuajada","1","$6,190","$6,500","2/1/2024","true"
"No68","Pan Masa Madre Cuajada","2","$6,190","$13,000","2/1/2024","true"
"No78","Pan Masa Madre Cuajada","1","$6,190","$6,500","2/1/2024","true"
"No80","Pan Masa Madre Cuajada","1","$6,190","$6,500","2/1/2024","true"
"No82","Pan Masa Madre Cuajada","1","$6,190","$6,500","2/1/2024","true"
"No83","Pan Masa Madre Cuajada","1","$6,190","$6,500","2/1/2024","true"
"No83","Pan Masa Madre Cuajada","1","$6,190","$6,500","2/1/2024","true"
"No89","Pan Masa Madre Cuajada","1","$6,190","$6,500","2/1/2024","true"
"No99","Pan Masa Madre Cuajada","1","$6,190","$6,500","2/1/2024","true"
"No107","Pan Masa Madre Cuajada","2","$6,190","$13,000","2/1/2024","true"
"No161","Pan Masa Madre Cuajada","1","$6,190","$6,500","2/1/2024","true"
"No164","Pan Masa Madre Cuajada","1","$6,190","$6,500","2/1/2024","true"
"No139","Pan Sanduche","1","$3,500","$3,500","2/1/2024","true"
"No177","Pan Sanduche","1","$3,500","$3,500","2/1/2024","true"
"No21","Pan Tostado en Caramelo","1","$4,000","$4,000","2/1/2024","true"
"No76","Pan Tostado en Caramelo","1","$4,000","$4,000","2/1/2024","true"
"No196","Pan Tostado en Caramelo","2","$4,000","$8,000","2/1/2024","true"
"No18","Pancake","1","$4,000","$4,000","2/1/2024","true"
"No102","Pancake","1","$4,000","$4,000","2/1/2024","true"
"No70","Pancakes Arandanos","1","$18,000","$18,000","2/1/2024","true"
"No134","Pancakes huevo y tocino","1","$18,000","$18,000","2/1/2024","true"
"No270","Pancakes huevo y tocino","1","$18,000","$18,000","2/1/2024","true"
"No21","Pancakes Nutella","1","$22,000","$22,000","2/1/2024","true"
"No21","Pancakes Nutella","1","$22,000","$22,000","2/1/2024","true"
"No35","Pancakes Nutella","2","$18,000","$36,000","2/1/2024","true"
"No188","Pancakes Nutella","1","$18,000","$18,000","2/1/2024","true"
"No194","Pancakes Nutella","1","$18,000","$18,000","2/1/2024","true"
"No229","Pancakes Nutella","1","$18,000","$18,000","2/1/2024","true"
"No235","Pancakes Nutella","1","$18,000","$18,000","2/1/2024","true"
"No270","Pancakes Nutella","1","$18,000","$18,000","2/1/2024","true"
"No315","Pancakes Nutella","1","$18,000","$18,000","2/1/2024","true"
"No317","Pancakes Nutella","1","$18,000","$18,000","2/1/2024","true"
"No49","Pañoleta Jamon queso","1","$9,000","$9,000","2/1/2024","true"
"No65","Pañoleta Jamon queso","1","$9,000","$9,000","2/1/2024","true"
"No85","Pañoleta Jamon queso","2","$9,000","$18,000","2/1/2024","true"
"No210","Pañoleta Jamon queso","1","$9,000","$9,000","2/1/2024","true"
"No225","Pañoleta Jamon queso","1","$9,000","$9,000","2/1/2024","true"
"No290","Pañoleta Jamon queso","1","$9,000","$9,000","2/1/2024","true"
"No297","Pañoleta Jamon queso","1","$9,000","$9,000","2/1/2024","true"
"No16","Paquete Ind. Panela","1","$0","$0","2/1/2024","true"
"No50","Pastel Gloria","1","$8,000","$8,000","2/1/2024","true"
"No82","Pastel Gloria","1","$8,000","$8,000","2/1/2024","true"
"No187","Pastel Gloria","1","$8,000","$8,000","2/1/2024","true"
"No201","Pastel Gloria","1","$8,000","$8,000","2/1/2024","true"
"No253","Pastel Gloria","1","$8,000","$8,000","2/1/2024","true"
"No310","Pastel Gloria","1","$8,000","$8,000","2/1/2024","true"
"No69","Pastel pollo","1","$8,000","$8,000","2/1/2024","true"
"No124","Pie de pollo completo","1","$80,000","$80,000","2/1/2024","true"
"No9","Pie manzana","1","$9,000","$9,000","2/1/2024","true"
"No69","Pie manzana","1","$9,000","$9,000","2/1/2024","true"
"No115","Pie manzana","1","$9,000","$9,000","2/1/2024","true"
"No124","Pie manzana","1","$9,000","$9,000","2/1/2024","true"
"No138","Pie manzana","1","$9,000","$9,000","2/1/2024","true"
"No146","Pie manzana","1","$9,000","$9,000","2/1/2024","true"
"No152","Pie manzana","1","$9,000","$9,000","2/1/2024","true"
"No172","Pie manzana","1","$9,000","$9,000","2/1/2024","true"
"No195","Pie manzana","1","$9,000","$9,000","2/1/2024","true"
"No200","Pie manzana","1","$9,000","$9,000","2/1/2024","true"
"No220","Pie manzana","1","$9,000","$9,000","2/1/2024","true"
"No225","Pie manzana","1","$9,000","$9,000","2/1/2024","true"
"No271","Pie manzana","1","$9,000","$9,000","2/1/2024","true"
"No278","Pie manzana","1","$9,000","$9,000","2/1/2024","true"
"No280","Pie manzana","1","$9,000","$9,000","2/1/2024","true"
"No289","Pie manzana","1","$9,000","$9,000","2/1/2024","true"
"No302","Pie manzana","1","$9,000","$9,000","2/1/2024","true"
"No311","Pie manzana","1","$9,000","$9,000","2/1/2024","true"
"No313","Pie manzana","1","$9,000","$9,000","2/1/2024","true"
"No325","Pie manzana","1","$9,000","$9,000","2/1/2024","true"
"No347","Pie manzana","1","$9,000","$9,000","2/1/2024","true"
"No107","Pie Pollo","1","$12,000","$12,000","2/1/2024","true"
"No202","Pie Pollo","2","$12,000","$24,000","2/1/2024","true"
"No225","Pie Pollo","1","$12,000","$12,000","2/1/2024","true"
"No227","Pie Pollo","1","$12,000","$12,000","2/1/2024","true"
"No286","Pie Pollo","1","$12,000","$12,000","2/1/2024","true"
"No289","Pie Pollo","2","$12,000","$24,000","2/1/2024","true"
"No313","Pie Pollo","2","$12,000","$24,000","2/1/2024","true"
"No327","Pie Pollo","1","$12,000","$12,000","2/1/2024","true"
"No329","Pie Pollo","1","$12,000","$12,000","2/1/2024","true"
"No339","Pie Pollo","1","$12,000","$12,000","2/1/2024","true"
"No346","Pie Pollo","1","$12,000","$12,000","2/1/2024","true"
"No86","Pilsen Botella","1","$3,500","$4,165","2/1/2024","true"
"No148","Pilsen Botella","1","$3,500","$4,165","2/1/2024","true"
"No191","Pilsen Botella","1","$3,500","$4,165","2/1/2024","true"
"No343","Pilsen Botella","1","$3,500","$4,165","2/1/2024","true"
"No3","Poker Botella","1","$4,202","$5,000","2/1/2024","true"
"No80","Poker Botella","1","$4,202","$5,000","2/1/2024","true"
"No159","Poker Botella","1","$4,202","$5,000","2/1/2024","true"
"No191","Poker Botella","1","$4,202","$5,000","2/1/2024","true"
"No242","Poker Botella","1","$4,202","$5,000","2/1/2024","true"
"No243","Poker Botella","1","$4,202","$5,000","2/1/2024","true"
"No244","Poker Botella","1","$4,202","$5,000","2/1/2024","true"
"No316","Poker Botella","22","$4,202","$110,000","2/1/2024","true"
"No2","Porcion Fruta","1","$4,000","$4,000","2/1/2024","true"
"No18","Porcion Fruta","1","$4,000","$4,000","2/1/2024","true"
"No51","Porcion Fruta","2","$4,000","$8,000","2/1/2024","true"
"No85","Porcion Fruta","1","$4,000","$4,000","2/1/2024","true"
"No213","Porcion Fruta","2","$4,000","$8,000","2/1/2024","true"
"No211","Prensa Francesa","1","$6,667","$7,000","2/1/2024","true"
"No123","Quesito Campesino","1","$4,000","$4,000","2/1/2024","true"
"No336","Queso Mozarella Tajado","1","$4,000","$4,000","2/1/2024","true"
"No16","Revuelto Dos Quesos","1","$18,000","$18,000","2/1/2024","true"
"No239","Revuelto Dos Quesos","1","$18,000","$18,000","2/1/2024","true"
"No51","Revuelto Pericos","1","$17,000","$17,000","2/1/2024","true"
"No116","Revuelto Pericos","1","$17,000","$17,000","2/1/2024","true"
"No126","Revuelto Pericos","2","$17,000","$34,000","2/1/2024","true"
"No134","Revuelto Pericos","1","$17,000","$17,000","2/1/2024","true"
"No231","Revuelto Pericos","1","$17,000","$17,000","2/1/2024","true"
"No6","Rollo canela","1","$7,000","$7,000","2/1/2024","true"
"No19","Rollo canela","1","$7,000","$7,000","2/1/2024","true"
"No20","Rollo canela","1","$7,000","$7,000","2/1/2024","true"
"No25","Rollo canela","1","$7,000","$7,000","2/1/2024","true"
"No10","Rollo chocolate","1","$7,000","$7,000","2/1/2024","true"
"No15","Rollo chocolate","5","$7,000","$35,000","2/1/2024","true"
"No64","Rollo chocolate","1","$7,000","$7,000","2/1/2024","true"
"No17","Rollo holandes","1","$7,000","$7,000","2/1/2024","true"
"No22","Rollo holandes","1","$7,000","$7,000","2/1/2024","true"
"No312","Sanduche Fresco","1","$16,000","$16,000","2/1/2024","true"
"No51","Sanduche Huevo","1","$18,000","$18,000","2/1/2024","true"
"No52","Sanduche Huevo","2","$18,000","$36,000","2/1/2024","true"
"No99","Sanduche Huevo","1","$18,000","$18,000","2/1/2024","true"
"No125","Sanduche Huevo","1","$18,000","$18,000","2/1/2024","true"
"No127","Sanduche Huevo","1","$18,000","$18,000","2/1/2024","true"
"No130","Sanduche Huevo","2","$18,000","$36,000","2/1/2024","true"
"No195","Sanduche Huevo","1","$18,000","$18,000","2/1/2024","true"
"No334","Sanduche Huevo","1","$18,000","$18,000","2/1/2024","true"
"No41","Sanduche Jamon","1","$18,000","$18,000","2/1/2024","true"
"No130","Sanduche Jamon","1","$18,000","$18,000","2/1/2024","true"
"No188","Sanduche Jamon","1","$18,000","$18,000","2/1/2024","true"
"No48","Sanduche Pepperoni","1","$18,000","$18,000","2/1/2024","true"
"No53","Sanduche Pepperoni","1","$18,000","$18,000","2/1/2024","true"
"No62","Sanduche Pepperoni","1","$18,000","$18,000","2/1/2024","true"
"No141","Sanduche Pepperoni","1","$18,000","$18,000","2/1/2024","true"
"No146","Sanduche Pepperoni","1","$18,000","$18,000","2/1/2024","true"
"No163","Sanduche Pepperoni","1","$18,000","$18,000","2/1/2024","true"
"No169","Sanduche Pepperoni","1","$18,000","$18,000","2/1/2024","true"
"No180","Sanduche Pepperoni","1","$18,000","$18,000","2/1/2024","true"
"No188","Sanduche Pepperoni","1","$18,000","$18,000","2/1/2024","true"
"No254","Sanduche Pepperoni","1","$18,000","$18,000","2/1/2024","true"
"No304","Sanduche Pepperoni","1","$18,000","$18,000","2/1/2024","true"
"No309","Sanduche Pepperoni","1","$18,000","$18,000","2/1/2024","true"
"No312","Sanduche Pepperoni","1","$18,000","$18,000","2/1/2024","true"
"No180","Sanduche Pesto","1","$16,000","$16,000","2/1/2024","true"
"No192","Sanduche Pesto","1","$16,000","$16,000","2/1/2024","true"
"No25","Sanduche Pollo","1","$17,000","$17,000","2/1/2024","true"
"No28","Sanduche Pollo","1","$17,000","$17,000","2/1/2024","true"
"No42","Sanduche Pollo","1","$17,000","$17,000","2/1/2024","true"
"No43","Sanduche Pollo","1","$17,000","$17,000","2/1/2024","true"
"No56","Sanduche Pollo","1","$17,000","$17,000","2/1/2024","true"
"No73","Sanduche Pollo","1","$17,000","$17,000","2/1/2024","true"
"No80","Sanduche Pollo","1","$17,000","$17,000","2/1/2024","true"
"No111","Sanduche Pollo","1","$17,000","$17,000","2/1/2024","true"
"No124","Sanduche Pollo","1","$17,000","$17,000","2/1/2024","true"
"No168","Sanduche Pollo","1","$17,000","$17,000","2/1/2024","true"
"No169","Sanduche Pollo","1","$17,000","$17,000","2/1/2024","true"
"No174","Sanduche Pollo","1","$17,000","$17,000","2/1/2024","true"
"No185","Sanduche Pollo","1","$17,000","$17,000","2/1/2024","true"
"No188","Sanduche Pollo","1","$17,000","$17,000","2/1/2024","true"
"No192","Sanduche Pollo","1","$17,000","$17,000","2/1/2024","true"
"No216","Sanduche Pollo","1","$17,000","$17,000","2/1/2024","true"
"No218","Sanduche Pollo","1","$17,000","$17,000","2/1/2024","true"
"No240","Sanduche Pollo","1","$17,000","$17,000","2/1/2024","true"
"No254","Sanduche Pollo","1","$17,000","$17,000","2/1/2024","true"
"No279","Sanduche Pollo","1","$17,000","$17,000","2/1/2024","true"
"No299","Sanduche Pollo","1","$17,000","$17,000","2/1/2024","true"
"No304","Sanduche Pollo","1","$17,000","$17,000","2/1/2024","true"
"No135","Soda Bretaña","1","$4,000","$4,000","2/1/2024","true"
"No223","Soda Bretaña","1","$4,000","$4,000","2/1/2024","true"
"No301","Soda Bretaña","1","$4,000","$4,000","2/1/2024","true"
"No345","Soda Bretaña","1","$4,000","$4,000","2/1/2024","true"
"No223","Soda Michelada","1","$3,000","$3,000","2/1/2024","true"
"No65","Sodas Saboriazadas","1","$7,000","$7,000","2/1/2024","true"
"No66","Sodas Saboriazadas","1","$7,000","$7,000","2/1/2024","true"
"No73","Sodas Saboriazadas","1","$7,000","$7,000","2/1/2024","true"
"No74","Sodas Saboriazadas","1","$7,000","$7,000","2/1/2024","true"
"No95","Sodas Saboriazadas","3","$7,000","$21,000","2/1/2024","true"
"No107","Sodas Saboriazadas","2","$7,000","$14,000","2/1/2024","true"
"No108","Sodas Saboriazadas","2","$7,000","$14,000","2/1/2024","true"
"No108","Sodas Saboriazadas","1","$7,000","$7,000","2/1/2024","true"
"No154","Sodas Saboriazadas","3","$7,000","$21,000","2/1/2024","true"
"No167","Sodas Saboriazadas","2","$7,000","$14,000","2/1/2024","true"
"No169","Sodas Saboriazadas","1","$7,000","$7,000","2/1/2024","true"
"No215","Sodas Saboriazadas","1","$7,000","$7,000","2/1/2024","true"
"No245","Sodas Saboriazadas","1","$7,000","$7,000","2/1/2024","true"
"No306","Sodas Saboriazadas","1","$7,000","$7,000","2/1/2024","true"
"No332","Sodas Saboriazadas","1","$7,000","$7,000","2/1/2024","true"
"No345","Sodas Saboriazadas","2","$7,000","$14,000","2/1/2024","true"
"No335","Te Clitoria","1","$7,000","$7,000","2/1/2024","true"
"No62","Te Negro Arandanos Miel","1","$6,000","$6,000","2/1/2024","true"
"No98","Te Negro Arandanos Miel","1","$6,000","$6,000","2/1/2024","true"
"No297","Te Negro Arandanos Miel","1","$6,000","$6,000","2/1/2024","true"
"No288","Té Verde Limón y Miel","1","$6,000","$6,000","2/1/2024","true"
"No11","Tinto","1","$4,286","$4,500","2/1/2024","true"
"No24","Tinto","1","$4,286","$4,500","2/1/2024","true"
"No30","Tinto","1","$4,286","$4,500","2/1/2024","true"
"No33","Tinto","1","$4,286","$4,500","2/1/2024","true"
"No61","Tinto","1","$4,286","$4,500","2/1/2024","true"
"No114","Tinto","1","$4,286","$4,500","2/1/2024","true"
"No115","Tinto","1","$4,286","$4,500","2/1/2024","true"
"No116","Tinto","1","$4,286","$4,500","2/1/2024","true"
"No126","Tinto","1","$4,286","$4,500","2/1/2024","true"
"No135","Tinto","1","$4,286","$4,500","2/1/2024","true"
"No149","Tinto","1","$4,286","$4,500","2/1/2024","true"
"No150","Tinto","2","$4,286","$9,000","2/1/2024","true"
"No151","Tinto","1","$4,286","$4,500","2/1/2024","true"
"No174","Tinto","1","$4,286","$4,500","2/1/2024","true"
"No179","Tinto","1","$4,286","$4,500","2/1/2024","true"
"No192","Tinto","1","$4,286","$4,500","2/1/2024","true"
"No198","Tinto","1","$4,286","$4,500","2/1/2024","true"
"No206","Tinto","1","$4,286","$4,500","2/1/2024","true"
"No221","Tinto","1","$4,286","$4,500","2/1/2024","true"
"No236","Tinto","1","$4,286","$4,500","2/1/2024","true"
"No247","Tinto","3","$4,286","$13,500","2/1/2024","true"
"No268","Tinto","1","$4,286","$4,500","2/1/2024","true"
"No269","Tinto","2","$4,286","$9,000","2/1/2024","true"
"No270","Tinto","1","$4,286","$4,500","2/1/2024","true"
"No293","Tinto","1","$4,286","$4,500","2/1/2024","true"
"No321","Tinto","1","$4,286","$4,500","2/1/2024","true"
"No323","Tinto","1","$4,286","$4,500","2/1/2024","true"
"No323","Tinto","1","$4,286","$4,500","2/1/2024","true"
"No331","Tinto","1","$4,286","$4,500","2/1/2024","true"
"No225","Tinto campesino","1","$5,714","$6,000","2/1/2024","true"
"No250","Tinto campesino","2","$5,714","$12,000","2/1/2024","true"
"No282","Tinto campesino","1","$5,714","$6,000","2/1/2024","true"
"No123","Tocino Ahumado","1","$4,000","$4,000","2/1/2024","true"
"No190","Tocino Ahumado","1","$4,000","$4,000","2/1/2024","true"
"No196","Tocino Ahumado","1","$4,000","$4,000","2/1/2024","true"
"No341","Torta almojabana","2","$12,000","$24,000","2/1/2024","true"
"No342","Torta almojabana","1","$12,000","$12,000","2/1/2024","true"
"No37","Torta de banano","1","$7,000","$7,000","2/1/2024","true"
"No48","Torta de banano","1","$7,000","$7,000","2/1/2024","true"
"No49","Torta de banano","1","$7,000","$7,000","2/1/2024","true"
"No64","Torta de banano","1","$7,000","$7,000","2/1/2024","true"
"No71","Torta de banano","1","$7,000","$7,000","2/1/2024","true"
"No77","Torta de banano","1","$7,000","$7,000","2/1/2024","true"
"No112","Torta de banano","1","$7,000","$7,000","2/1/2024","true"
"No172","Torta de banano","1","$7,000","$7,000","2/1/2024","true"
"No173","Torta de banano","1","$7,000","$7,000","2/1/2024","true"
"No173","Torta de banano","1","$7,000","$7,000","2/1/2024","true"
"No182","Torta de banano","1","$7,000","$7,000","2/1/2024","true"
"No199","Torta de banano","1","$7,000","$7,000","2/1/2024","true"
"No204","Torta de banano","1","$7,000","$7,000","2/1/2024","true"
"No207","Torta de banano","1","$7,000","$7,000","2/1/2024","true"
"No210","Torta de banano","2","$7,000","$14,000","2/1/2024","true"
"No211","Torta de banano","1","$7,000","$7,000","2/1/2024","true"
"No212","Torta de banano","1","$7,000","$7,000","2/1/2024","true"
"No228","Torta de banano","1","$7,000","$7,000","2/1/2024","true"
"No234","Torta de banano","1","$7,000","$7,000","2/1/2024","true"
"No236","Torta de banano","1","$7,000","$7,000","2/1/2024","true"
"No240","Torta de banano","1","$7,000","$7,000","2/1/2024","true"
"No251","Torta de banano","1","$7,000","$7,000","2/1/2024","true"
"No253","Torta de banano","1","$7,000","$7,000","2/1/2024","true"
"No255","Torta de banano","1","$7,000","$7,000","2/1/2024","true"
"No307","Torta de banano","1","$7,000","$7,000","2/1/2024","true"
"No38","Torta zanahoria","1","$7,000","$7,000","2/1/2024","true"
"No40","Torta zanahoria","2","$7,000","$14,000","2/1/2024","true"
"No81","Torta zanahoria","1","$7,000","$7,000","2/1/2024","true"
"No82","Torta zanahoria","1","$7,000","$7,000","2/1/2024","true"
"No94","Torta zanahoria","3","$7,000","$21,000","2/1/2024","true"
"No95","Torta zanahoria","1","$7,000","$7,000","2/1/2024","true"
"No179","Torta zanahoria","3","$7,000","$21,000","2/1/2024","true"
"No179","Torta zanahoria","1","$7,000","$7,000","2/1/2024","true"
"No219","Torta zanahoria","1","$7,000","$7,000","2/1/2024","true"
"No228","Torta zanahoria","1","$7,000","$7,000","2/1/2024","true"
"No269","Torta zanahoria","1","$7,000","$7,000","2/1/2024","true"
"No276","Torta zanahoria","1","$7,000","$7,000","2/1/2024","true"
"No281","Torta zanahoria","1","$7,000","$7,000","2/1/2024","true"
"No286","Torta zanahoria","1","$7,000","$7,000","2/1/2024","true"
"No301","Torta zanahoria","1","$7,000","$7,000","2/1/2024","true"
"No343","Torta zanahoria y arequipe","1","$12,000","$12,000","2/1/2024","true"
"No125","Tortilla Española","1","$19,500","$19,500","2/1/2024","true"
"No136","Tortilla Española","1","$19,500","$19,500","2/1/2024","true"
"No21","Tostada confi ","2","$18,000","$36,000","2/1/2024","true"
"No350","Tostada confi ","1","$18,000","$18,000","2/1/2024","true"
"No74","Tostada Francesa","1","$18,000","$18,000","2/1/2024","true"
"No102","Tostada Francesa","1","$18,000","$18,000","2/1/2024","true"
"No108","Tostada Francesa","1","$18,000","$18,000","2/1/2024","true"
"No21","Tostada huevo y aguacate","2","$18,000","$36,000","2/1/2024","true"
"No22","Tostada huevo y aguacate","1","$18,000","$18,000","2/1/2024","true"
"No23","Tostada huevo y aguacate","1","$18,000","$18,000","2/1/2024","true"
"No28","Tostada huevo y aguacate","1","$18,000","$18,000","2/1/2024","true"
"No34","Tostada huevo y aguacate","1","$18,000","$18,000","2/1/2024","true"
"No54","Tostada huevo y aguacate","1","$18,000","$18,000","2/1/2024","true"
"No224","Tostada huevo y aguacate","1","$18,000","$18,000","2/1/2024","true"
"No229","Tostada huevo y aguacate","1","$18,000","$18,000","2/1/2024","true"
"No260","Tostada huevo y aguacate","1","$18,000","$18,000","2/1/2024","true"
"No303","Tostada huevo y aguacate","1","$18,000","$18,000","2/1/2024","true"
"No304","Tostada huevo y aguacate","1","$18,000","$18,000","2/1/2024","true"
"No333","Tostada huevo y aguacate","1","$18,000","$18,000","2/1/2024","true"
"No334","Tostada huevo y aguacate","1","$18,000","$18,000","2/1/2024","true"
"No337","Tostada huevo y aguacate","1","$18,000","$18,000","2/1/2024","true"
"No21","Tostada Hummus","1","$18,000","$18,000","2/1/2024","true"
"No26","Tostada Hummus","1","$18,000","$18,000","2/1/2024","true"
"No121","Tostada Hummus","1","$18,000","$18,000","2/1/2024","true"
"No316","Tostada Individual Mixta","22","$6,000","$132,000","2/1/2024","true"
"No105","V60","1","$6,667","$7,000","2/1/2024","true"
"No281","V60","2","$6,667","$14,000","2/1/2024","true"
"No327","V60","1","$6,667","$7,000","2/1/2024","true"
"No348","V60","1","$6,667","$7,000","2/1/2024","true"
"No4","Vaso de leche","1","$2,000","$2,000","2/1/2024","true"
"No23","Vaso de leche","1","$2,000","$2,000","2/1/2024","true"
"No25","Vaso de leche","1","$2,000","$2,000","2/1/2024","true"
"No52","Vaso de leche","1","$2,000","$2,000","2/1/2024","true"
"No74","Vaso de leche","1","$2,000","$2,000","2/1/2024","true"
"No76","Vaso de leche","1","$2,000","$2,000","2/1/2024","true"
"No77","Vaso de leche","1","$2,000","$2,000","2/1/2024","true"
"No82","Vaso de leche","1","$2,000","$2,000","2/1/2024","true"
"No87","Vaso de leche","1","$2,000","$2,000","2/1/2024","true"
"No118","Vaso de leche","1","$2,000","$2,000","2/1/2024","true"
"No119","Vaso de leche","1","$2,000","$2,000","2/1/2024","true"
"No120","Vaso de leche","1","$2,000","$2,000","2/1/2024","true"
"No121","Vaso de leche","1","$2,000","$2,000","2/1/2024","true"
"No147","Vaso de leche","1","$2,000","$2,000","2/1/2024","true"
"No155","Vaso de leche","1","$2,000","$2,000","2/1/2024","true"
"No160","Vaso de leche","1","$2,000","$2,000","2/1/2024","true"
"No249","Vaso de leche","1","$2,000","$2,000","2/1/2024","true"
"No2","Yogurt Griego","1","$4,000","$4,000","2/1/2024","true"
"No18","Yogurt Griego","1","$4,000","$4,000","2/1/2024","true"
"","","","","","",""
