Nombre_del_producto,Area,CANTIDAD,UNIDADES,COSTO,COOR,FECHA_ACT,STOCK,GRUPO,MARCA,_id,precioUnitario,Proveedor,ALMACENAMIENTO,Merma,Estado
Breva,,6,,2000,1.05,2025-10-02,"{""minimo"":0,""maximo"":0,""actual"":0}",VERDURAS_FRUTAS,[],00cd9b6b-8c28-475d-beaa-e5d190d45a86,364,f080ad98-583f-49bd-adc3-447e27c727ef,"{""ALMACENAMIENTO"":"""",""BODEGA"":""""}",,PC
Platano Verde,COCINA,NaN,NaN,NaN,1.05,2025-10-02,"{""minimo"":"""",""maximo"":"""",""actual"":""""}",VERDURAS_FRUTAS,,018f2746-6d2d-47e6-9d7b-d872017a417b,,f080ad98-583f-49bd-adc3-447e27c727ef,"{""ALMACENAMIENTO"":"""",""BODEGA"":""""}",0,PC
Pezuña,COCINA,1000,gr,9000,1.05,2025-10-02,"{""minimo"":0,""maximo"":0,""actual"":0}",CARNICO,,035a8a13-d70b-4662-a17b-06512bc6d71d,9.83,,"{""ALMACENAMIENTO"":"""",""BODEGA"":""""}",,OK
Semillas de girasol,,500,gr,,1.05,2025-10-02,"{""minimo"":""1"",""maximo"":""1"",""actual"":""1""}",GRANOS_CEREALES,[],05b4243d-e766-4dfa-b71b-649810f79423,,3f8b3eaf-cfdb-43f7-98bf-ca5b1d3fa75b,"{""ALMACENAMIENTO"":""CANASTA_INFERIOR_COCINA"",""BODEGA"":""CANASTA_INFERIOR_COCINA""}",0,PC
LAGARTO,COCINA,1000,gr,30060,1.05,2025-10-02,"{""minimo"":"""",""maximo"":"""",""actual"":""""}",CARNICO,,06864278-788a-4ab5-a4f3-271ecb93151c,32.83,bf50a92f-d7c4-46c4-97fc-3d674731ed04,"{""ALMACENAMIENTO"":"""",""BODEGA"":""""}",0,NA
Granola,COCINA,950,gr,12350,1.05,2025-10-02,"{""minimo"":0,""maximo"":0,""actual"":0}",GRANOS_CEREALES,,071644bd-9b9e-45ab-8792-2dbfe7fa44eb,14.2,,"{""ALMACENAMIENTO"":"""",""BODEGA"":""""}",,OK
Queso feta,COCINA,680,gr,41900,1.05,2025-10-02,"{""minimo"":0,""maximo"":0,""actual"":0}",LACTEO,,09007b29-02dc-4a7e-9050-0478d75fc929,67.29,27940d9d-369e-4d0d-84ed-59714451e4c2,"{""ALMACENAMIENTO"":"""",""BODEGA"":""""}",,OK
Pan Masa Madre Molde,COCINA,10,un,16000,1.05,2025-10-02,"{""minimo"":0,""maximo"":0,""actual"":0}",PANADERIA,,0a21d35a-695a-4be0-9afd-17354327fb27,1747.2,d64ec06b-d178-4c14-a586-09093068bba6,"{""ALMACENAMIENTO"":"""",""BODEGA"":""""}",10,PC
Ajo en Polvo,COCINA,NaN,gr,NaN,1.05,2025-10-02,"{""minimo"":0,""maximo"":0,""actual"":0}",CONDIMENTOS_ESPECIAS_ADITIVOS,,0b57baf7-cd09-4c7f-a025-95be1c3ac7c0,,,"{""ALMACENAMIENTO"":"""",""BODEGA"":""""}",,OK
Agraz,,500,gr,15000,1.05,2025-10-02,"{""minimo"":0,""maximo"":0,""actual"":0}",VERDURAS_FRUTAS,[],0d975b58-eeb2-424e-8f8e-999804865e2e,32.76,f080ad98-583f-49bd-adc3-447e27c727ef,"{""ALMACENAMIENTO"":"""",""BODEGA"":""""}",,OK
Miga de galleta,COCINA,1000,gr,27700,1.05,2025-10-02,"{""minimo"":0,""maximo"":0,""actual"":0}",REPOSTERIA,,0f2ddb36-2b70-4845-8c57-e8a142829afa,30.25,,"{""ALMACENAMIENTO"":"""",""BODEGA"":""""}",,
PIERNA ECONOMICA,COCINA,1000,gr,18900,1.05,2025-10-02,"{""minimo"":"""",""maximo"":"""",""actual"":""""}",CARNICO,,0faf1b62-cff5-47c2-86ed-e7b4ff88746b,20.64,bf50a92f-d7c4-46c4-97fc-3d674731ed04,"{""ALMACENAMIENTO"":"""",""BODEGA"":""""}",0,OK
Papa Capira,COCINA,3000,gr,16000,1.05,2025-10-02,"{""minimo"":0,""maximo"":0,""actual"":0}",VERDURAS_FRUTAS,,10dae854-9027-4b52-8530-afe73d637480,5.82,f080ad98-583f-49bd-adc3-447e27c727ef,"{""ALMACENAMIENTO"":"""",""BODEGA"":""""}",,OK
Albaricoque,,150,gr,10000,1.05,2025-10-02,"{""minimo"":"""",""maximo"":"""",""actual"":""""}",GRANOS_CEREALES,[],11cb13d3-eb12-415c-93d6-89a0e3c20104,72.8,f080ad98-583f-49bd-adc3-447e27c727ef,"{""ALMACENAMIENTO"":"""",""BODEGA"":""""}",0,OK
Pelicula Alimento Chicle,COCINA,200,NaN,13529,1.05,2025-10-02,"{""minimo"":0,""maximo"":0,""actual"":0}",DESECHABLES,,11d000ca-a9ca-43a1-bd29-7794907df0d9,73.87,,"{""ALMACENAMIENTO"":"""",""BODEGA"":""""}",,
Le Brown,,1,un,,1.05,2025-10-02,"{""minimo"":"""",""maximo"":"""",""actual"":""""}",REPOSTERIA,[],126488b4-2b90-4972-bf8f-ac0a161e7427,,f0420472-ac96-4547-8e26-efa8878d4f44,"{""ALMACENAMIENTO"":"""",""BODEGA"":""""}",0,
Club Dorada,,1,,2500,1.05,2025-10-02,"{""minimo"":0,""maximo"":0,""actual"":0}",ENLATADOS,[],1335a840-0102-4f70-904e-0709b8d5cd96,2730,,"{""ALMACENAMIENTO"":"""",""BODEGA"":""""}",,
Crema de Queso,COCINA,500,gr,38000,1.05,2025-10-02,"{""minimo"":200}",LACTEO,,1370a860-f736-4ba1-9a2a-512e05dec5d4,82.99,bf50a92f-d7c4-46c4-97fc-3d674731ed04,"{""ALMACENAMIENTO"":"""",""BODEGA"":""""}",,NA
Clavo olor,COCINA,10,gr,1850,1.05,2025-10-02,"{""minimo"":0,""maximo"":0,""actual"":0}",CONDIMENTOS_ESPECIAS_ADITIVOS,,13e0c964-81ba-47eb-8b75-afbad39d8c0b,202.02,,"{""ALMACENAMIENTO"":"""",""BODEGA"":""""}",,
Peperoni,COCINA,500,gr,16950,1.05,2025-10-02,"{""minimo"":0,""maximo"":0,""actual"":0}",CARNICO,,145227e1-73f6-4051-a2af-6086ff9f232d,37.02,3f8b3eaf-cfdb-43f7-98bf-ca5b1d3fa75b,"{""ALMACENAMIENTO"":"""",""BODEGA"":""""}",,OK
Contramuslos,,,,,1.05,2025-10-02,"{""minimo"":0,""maximo"":0,""actual"":0}",,[],14bd5938-6484-48f6-b634-f66f18ba5346,0,,"{""ALMACENAMIENTO"":"""",""BODEGA"":""""}",,Disponible
Mozarrella de bufala,COCINA,500,gr,21400,1.05,2025-10-02,"{""minimo"":"""",""maximo"":"""",""actual"":""""}",LACTEO,,14e37b66-d47a-429e-a42f-99cd64687185,46.74,3f8b3eaf-cfdb-43f7-98bf-ca5b1d3fa75b,"{""ALMACENAMIENTO"":"""",""BODEGA"":""""}",0,OK
Arepa Mote Exito,COCINA,5,un,2800,1.05,2025-10-02,"{""minimo"":0,""maximo"":0,""actual"":0}",GUARNICION,,1556fcf5-56c4-4967-a40e-7396547344bb,611.52,,"{""ALMACENAMIENTO"":"""",""BODEGA"":""""}",,OK
Pepino,COCINA,500,gr,940,1.05,2025-10-02,"{""minimo"":0,""maximo"":0,""actual"":0}",VERDURAS_FRUTAS,,15a9e237-6e12-4ca2-a38e-c1ed017252da,2.05,f080ad98-583f-49bd-adc3-447e27c727ef,"{""ALMACENAMIENTO"":"""",""BODEGA"":""""}",,OK
Harina de trigo Multiproposito,COCINA,2500,gr,11950,1.05,2025-10-02,"{""minimo"":0,""maximo"":0,""actual"":0}",HARINAS,,1742cfce-a9f8-4ad3-b616-d760e1b70be1,5.22,,"{""ALMACENAMIENTO"":"""",""BODEGA"":""""}",,PC
Mango TOMMY,COCINA,1000,gr,4000,1.05,2025-10-02,"{""minimo"":0,""maximo"":0,""actual"":0}",VERDURAS_FRUTAS,,17dadda9-824e-495f-8d7c-5eca5d57b312,4.37,f080ad98-583f-49bd-adc3-447e27c727ef,"{""ALMACENAMIENTO"":"""",""BODEGA"":""""}",,PC
Sal de Cebolla,COCINA,NaN,NaN,NaN,1.05,2025-10-02,"{""minimo"":0,""maximo"":0,""actual"":0}",CONDIMENTOS_ESPECIAS_ADITIVOS,,17f84f54-f8af-44f0-84ca-df81f9cfca50,,,"{""ALMACENAMIENTO"":"""",""BODEGA"":""""}",,
Tapa Domo Perf,CAFE_BEBIDAS,50,un,10378,1.05,2025-10-02,"{""minimo"":0,""maximo"":0,""actual"":0}",DESECHABLES,,18060e52-bffd-4082-adcf-3cf7d527fa91,226.66,,"{""ALMACENAMIENTO"":"""",""BODEGA"":""""}",,
Zuccinni,COCINA,1,un,3000,1.05,2025-10-02,"{""minimo"":0,""maximo"":0,""actual"":0}",VERDURAS_FRUTAS,,188fcff0-c0b6-4b67-a5b2-9ec1392650a3,3276,f080ad98-583f-49bd-adc3-447e27c727ef,"{""ALMACENAMIENTO"":"""",""BODEGA"":""""}",,OK
Carne de cerdo,COCINA,1000,gr,24600,1.05,2025-10-02,"{""minimo"":"""",""maximo"":"""",""actual"":""""}",CARNICO,,1af69413-b7b9-49c2-ad36-893245749aed,26.86,,"{""ALMACENAMIENTO"":"""",""BODEGA"":""""}",0,NA
Arroz Blanco Crudo Diana Premium,COCINA,2500,gr,14350,1.05,2025-10-02,"{""minimo"":"""",""maximo"":"""",""actual"":""""}",GRANOS_CEREALES,,1c05cd48-f587-4f8b-9381-8b1383d1c2fd,6.27,bf50a92f-d7c4-46c4-97fc-3d674731ed04,"{""ALMACENAMIENTO"":"""",""BODEGA"":""""}",0,PC
Canela Molida Tarro,CAFE_BEBIDAS,400,gr,14950,1.05,2025-10-02,"{""minimo"":"""",""maximo"":"""",""actual"":""""}",CONDIMENTOS_ESPECIAS_ADITIVOS,,1c380f12-f343-4cca-b6a0-f2622f478ce4,40.81,3f8b3eaf-cfdb-43f7-98bf-ca5b1d3fa75b,"{""ALMACENAMIENTO"":"""",""BODEGA"":""""}",0,
Queso Tajado Mozeralla,COCINA,2000,gr,53400,1.05,2025-10-02,"{""minimo"":"""",""maximo"":"""",""actual"":""""}",LACTEO,,1d70ef99-118d-4e6b-86f6-d11ca096be9d,29.16,3f8b3eaf-cfdb-43f7-98bf-ca5b1d3fa75b,"{""ALMACENAMIENTO"":"""",""BODEGA"":""""}",0,PC
SAL - MESA,COCINA,1000,gr,3000,1.05,2025-10-02,"{""minimo"":0,""maximo"":0,""actual"":0}",CONDIMENTOS_ESPECIAS_ADITIVOS,,1de141db-86c1-44c3-afa3-c391e641321c,3.28,,"{""ALMACENAMIENTO"":"""",""BODEGA"":""""}",,
Queso Crema,COCINA,400,gr,9490,1.05,2025-10-02,"{""minimo"":""500"",""maximo"":""1000"",""actual"":""1000""}",LACTEO,,2124a1a6-35b1-4440-9703-5c125181e6ad,25.91,3f8b3eaf-cfdb-43f7-98bf-ca5b1d3fa75b,"{""ALMACENAMIENTO"":"""",""BODEGA"":""""}",0,OK
Crema de Leche Alpina Maxilitro,COCINA,1100,ml,21900,1.05,2025-10-02,"{""minimo"":"""",""maximo"":"""",""actual"":""""}",LACTEO,,21b4dd2f-13eb-41af-a531-6a2f3b3bfb82,21.74,3f8b3eaf-cfdb-43f7-98bf-ca5b1d3fa75b,"{""ALMACENAMIENTO"":"""",""BODEGA"":""""}",0,PC
Lulo,COCINA,3000,gr,19000,1.05,2025-10-02,"{""minimo"":0,""maximo"":0,""actual"":0}",VERDURAS_FRUTAS,,2242e3ef-09d6-4782-b5b9-0d561734e59c,6.92,f080ad98-583f-49bd-adc3-447e27c727ef,"{""ALMACENAMIENTO"":"""",""BODEGA"":""""}",,PC
Pimenton,COCINA,1000,gr,5500,1.05,2025-10-02,"{""minimo"":0,""maximo"":0,""actual"":0}",VERDURAS_FRUTAS,,22b81ee3-356c-4770-8799-f81a7a536ad9,6.01,f080ad98-583f-49bd-adc3-447e27c727ef,"{""ALMACENAMIENTO"":"""",""BODEGA"":""""}",,PC
Mandarina,COCINA,5000,NaN,21000,1.05,2025-10-02,"{""minimo"":"""",""maximo"":"""",""actual"":""""}",VERDURAS_FRUTAS,,24898605-beda-47eb-8e98-f73e9311348c,4.59,f080ad98-583f-49bd-adc3-447e27c727ef,"{""ALMACENAMIENTO"":"""",""BODEGA"":""""}",,PC
Mayoneza,COCINA,NaN,NaN,NaN,1.05,2025-10-02,"{""minimo"":0,""maximo"":0,""actual"":0}",CONDIMENTOS_ESPECIAS_ADITIVOS,,25fe2461-cd60-47b6-af89-9436a363c397,,,"{""ALMACENAMIENTO"":"""",""BODEGA"":""""}",,
Apio,COCINA,1200,gr,950,1.05,2025-10-02,"{""minimo"":0,""maximo"":0,""actual"":0}",VERDURAS_FRUTAS,,27ceb302-4860-4530-91ed-4db48f4255a7,0.86,f080ad98-583f-49bd-adc3-447e27c727ef,"{""ALMACENAMIENTO"":"""",""BODEGA"":""""}",,NA
Esencia vainilla,COCINA,500,ml,9650,1.05,2025-10-02,"{""minimo"":"""",""maximo"":"""",""actual"":""""}",CONDIMENTOS_ESPECIAS_ADITIVOS,,27fff81a-e6c0-468a-aaed-d2e1c5aa0fa0,21.08,3f8b3eaf-cfdb-43f7-98bf-ca5b1d3fa75b,"{""ALMACENAMIENTO"":"""",""BODEGA"":""""}",0,
Helado,COCINA,4000,NaN,86000,1.05,2025-10-02,"{""minimo"":0,""maximo"":0,""actual"":0}",LACTEO,,2814aebd-7069-4d7b-b1b1-dc8da5ca518f,23.48,3f8b3eaf-cfdb-43f7-98bf-ca5b1d3fa75b,"{""ALMACENAMIENTO"":"""",""BODEGA"":""""}",,OK
PROMEDIO DE FRUTAS,COCINA,1000,NaN,7000,1.05,2025-10-02,"{""minimo"":0,""maximo"":0,""actual"":0}",VERDURAS_FRUTAS,,287ed2a7-cd85-4b7d-a3a1-745d5da074aa,7.64,f080ad98-583f-49bd-adc3-447e27c727ef,"{""ALMACENAMIENTO"":"""",""BODEGA"":""""}",,NA
Nuez Mozcada,COCINA,85,gr,4050,1.05,2025-10-02,"{""minimo"":0,""maximo"":0,""actual"":0}",CONDIMENTOS_ESPECIAS_ADITIVOS,,291c4af0-a23a-4d03-9c87-fe56f16eb600,52.03,,"{""ALMACENAMIENTO"":"""",""BODEGA"":""""}",,
Leche Condenzada,COCINA,900,ml,2950,1.05,2025-10-02,"{""minimo"":0,""maximo"":0,""actual"":0}",LACTEO,,29cba610-5751-4b8c-9a9e-8083b012dfee,3.58,3f8b3eaf-cfdb-43f7-98bf-ca5b1d3fa75b,"{""ALMACENAMIENTO"":"""",""BODEGA"":""""}",,OK
Polvo de hornear,COCINA,100,gr,8500,1.05,2025-10-02,"{""minimo"":0,""maximo"":0,""actual"":0}",CONDIMENTOS_ESPECIAS_ADITIVOS,,29f6a690-c5eb-497b-aa8f-d354d0feeae1,92.82,,"{""ALMACENAMIENTO"":"""",""BODEGA"":""""}",,
Levadura Seca,,80,gr,950,1.05,2025-10-02,"{""minimo"":0,""maximo"":0,""actual"":0}",CONDIMENTOS_ESPECIAS_ADITIVOS,[],2abb6983-2dcb-4180-a4bc-5961876aa2c6,12.97,,"{""ALMACENAMIENTO"":"""",""BODEGA"":""""}",,
Perejil,,100,gr,3280,1.05,2025-10-02,"{""minimo"":"""",""maximo"":"""",""actual"":""""}",VERDURAS_FRUTAS,[],2c5e2e97-e9bb-4d48-b047-a51a69a41711,35.82,6b38db3f-c7dc-4aa6-8ed6-dc792ecf146d,"{""ALMACENAMIENTO"":"""",""BODEGA"":""""}",0,OK
Agua,,1000,li,7000,1.05,2025-10-02,"{""minimo"":0,""maximo"":0,""actual"":0}",CONDIMENTOS_ESPECIAS_ADITIVOS,[],2c8c89ed-3f0d-4a1d-a6a4-36c1f2c3fc3d,7.64,,"{""ALMACENAMIENTO"":"""",""BODEGA"":""""}",,
Jabon de manos,,,,,1.05,2025-10-02,"{""minimo"":0,""maximo"":0,""actual"":0}",LIMPIEZA,[],2ca2e6c2-0638-471a-9355-d3f16dcc39c5,,6b38db3f-c7dc-4aa6-8ed6-dc792ecf146d,"{""ALMACENAMIENTO"":"""",""BODEGA"":""""}",,PC
Gulupa,,3000,gr,12000,1.05,2025-10-02,"{""minimo"":0,""maximo"":0,""actual"":0}",VERDURAS_FRUTAS,[],2cbf5046-b015-404e-bcba-6f8d11c0a8a4,4.37,f080ad98-583f-49bd-adc3-447e27c727ef,"{""ALMACENAMIENTO"":"""",""BODEGA"":""""}",,PC
Palito de queso_,,1,un,3900,1.05,2025-10-02,"{""minimo"":"""",""maximo"":"""",""actual"":""""}",PANADERIA,[],2f3cc28d-9019-4ba7-9790-24ef23dc849a,4258.8,7c6d41b8-5eaa-4792-aa1e-07dff61bb921,"{""ALMACENAMIENTO"":"""",""BODEGA"":""""}",,
Bebida de almendras,COCINA,5676,ml,71900,1.05,2025-10-02,"{""minimo"":"""",""maximo"":"""",""actual"":""""}",BEBIDAS,,2fcfc05b-6325-40b4-be66-64536d4a2c79,13.83,27940d9d-369e-4d0d-84ed-59714451e4c2,"{""ALMACENAMIENTO"":"""",""BODEGA"":""""}",0,OK
Splenda,COCINA,1000,un,105238,1.05,2025-10-02,"{""minimo"":0,""maximo"":0,""actual"":0}",DOTACION,,322e86d2-3c74-4074-a231-9d8a09f26e31,114.92,,"{""ALMACENAMIENTO"":"""",""BODEGA"":""""}",,
Garbanzo,COCINA,500,gr,4800,1.05,2025-10-02,"{""minimo"":0,""maximo"":0,""actual"":0}",GRANOS_CEREALES,,324f5616-d141-4289-9abc-5fee75f1765f,10.48,,"{""ALMACENAMIENTO"":"""",""BODEGA"":""""}",,PC
Sirope de Naple,COCINA,480,ml,9250,1.05,2025-10-02,"{""minimo"":0,""maximo"":0,""actual"":0}",CONDIMENTOS_ESPECIAS_ADITIVOS,,32b97d24-c0d7-4ebc-8e19-16310d26c82a,21.04,3f8b3eaf-cfdb-43f7-98bf-ca5b1d3fa75b,"{""ALMACENAMIENTO"":"""",""BODEGA"":""""}",,
Mayo Ajo,COCINA,NaN,NaN,NaN,1.05,2025-10-02,"{""minimo"":0,""maximo"":0,""actual"":0}",CONDIMENTOS_ESPECIAS_ADITIVOS,,3486bab5-b2fb-4237-b01f-2040d07c0410,,,"{""ALMACENAMIENTO"":"""",""BODEGA"":""""}",,
Crema Chintilli,COCINA,43,srv,21900,1.05,2025-10-02,"{""minimo"":0,""maximo"":0,""actual"":0}",LACTEO,,34e885ae-95fd-4ffb-b124-7b8453ee1802,556.16,,"{""ALMACENAMIENTO"":"""",""BODEGA"":""""}",,OK
Caja Torta 40X40x15,COCINA,1,un,1000,1.05,2025-10-02,"{""minimo"":0,""maximo"":0,""actual"":0}",DESECHABLES,,35f7ae78-8fea-4724-bf59-e09953fb41dd,1092,3f8b3eaf-cfdb-43f7-98bf-ca5b1d3fa75b,"{""ALMACENAMIENTO"":"""",""BODEGA"":""""}",,PC
Mezclador,COCINA,500,un,6800,1.05,2025-10-02,"{""minimo"":0,""maximo"":0,""actual"":0}",DESECHABLES,,37692897-81c3-4a8c-91c8-c606357e21a0,14.85,,"{""ALMACENAMIENTO"":"""",""BODEGA"":""""}",,
Puerro Fresco,,500,gr,7000,1.05,2025-10-02,"{""minimo"":"""",""maximo"":"""",""actual"":""""}",VERDURAS_FRUTAS,[],38fe9d82-a3f9-4a4d-9506-4ea255cce4c4,15.29,f080ad98-583f-49bd-adc3-447e27c727ef,"{""ALMACENAMIENTO"":"""",""BODEGA"":""""}",,PC
Vinagre Blanco,COCINA,3000,ml,16950,1.05,2025-10-02,"{""minimo"":0,""maximo"":0,""actual"":0}",CONDIMENTOS_ESPECIAS_ADITIVOS,,39ae2d90-e97d-4e25-8d63-817d3a7c3f3c,6.17,bf50a92f-d7c4-46c4-97fc-3d674731ed04,"{""ALMACENAMIENTO"":"""",""BODEGA"":""""}",,
Cemilla de Mostaza Amarilla,COCINA,NaN,NaN,NaN,1.05,2025-10-02,"{""minimo"":0,""maximo"":0,""actual"":0}",CONDIMENTOS_ESPECIAS_ADITIVOS,,3a4bc7b9-0f3a-4ead-95e0-fdf673cde129,,,"{""ALMACENAMIENTO"":"""",""BODEGA"":""""}",,OK
ESPINAZO,COCINA,1000,gr,9000,1.05,2025-10-02,"{""minimo"":0,""maximo"":0,""actual"":0}",CARNICO,,3af52444-529d-403e-ba53-0a6226043b18,9.83,,"{""ALMACENAMIENTO"":"""",""BODEGA"":""""}",,NA
Filtro de papel,CAFE_BEBIDAS,500,un,40000,1.05,2025-10-02,"{""minimo"":""6"",""maximo"":""50"",""actual"":""0""}",CAFE,,3b39c5da-d4da-4764-9b1c-728b83f6eeff,87.36,,"{""ALMACENAMIENTO"":"""",""BODEGA"":""""}",,OK
Vino blanco,COCINA,750,ml,14950,1.05,2025-10-02,"{""minimo"":0,""maximo"":0,""actual"":0}",CONDIMENTOS_ESPECIAS_ADITIVOS,,3bcae7a0-7215-4825-ae98-303421c519ec,21.77,,"{""ALMACENAMIENTO"":"""",""BODEGA"":""""}",,
Paprika,COCINA,NaN,NaN,NaN,1.05,2025-10-02,"{""minimo"":0,""maximo"":0,""actual"":0}",CONDIMENTOS_ESPECIAS_ADITIVOS,,3d63ef98-f1a2-4e53-a862-cbac7c4382d8,,,"{""ALMACENAMIENTO"":"""",""BODEGA"":""""}",,OK
Croisant de Queso_,,1,un,3900,1.05,2025-10-02,"{""minimo"":"""",""maximo"":"""",""actual"":""""}",PANADERIA,[],421ecfa3-2f7e-4eaf-93c5-acefa01d8074,4258.8,,"{""ALMACENAMIENTO"":"""",""BODEGA"":""""}",,
"Seedpack Blonda 25,8",COCINA,5,un,3529,1.05,2025-10-02,"{""minimo"":0,""maximo"":0,""actual"":0}",DESECHABLES,,43065f4f-00ed-4b36-9412-ac32c853c7b9,770.73,936c422f-7c4d-44e4-808a-296610925ed4,"{""ALMACENAMIENTO"":"""",""BODEGA"":""""}",,
Color,COCINA,NaN,NaN,NaN,1.05,2025-10-02,"{""minimo"":0,""maximo"":0,""actual"":0}",CONDIMENTOS_ESPECIAS_ADITIVOS,,43dd15ce-6697-4213-9bb5-3db38eeaf6f1,,,"{""ALMACENAMIENTO"":"""",""BODEGA"":""""}",,NA
Pasta de tomate,COCINA,200,gr,6350,1.05,2025-10-02,"{""minimo"":""200"",""maximo"":""1000"",""actual"":""0""}",CONCERVAS_FERMENTOS_PRECOCIDOS,,454c13b9-f64b-40e7-87bb-3dc8d7ee461c,34.67,,"{""ALMACENAMIENTO"":"""",""BODEGA"":""""}",,OK
Pan Ciabata,COCINA,12,un,40800,1.05,2025-10-02,"{""minimo"":0,""maximo"":0,""actual"":0}",PANADERIA,,4675d04f-ad5a-4697-8fe0-6a12717025af,3712.8,,"{""ALMACENAMIENTO"":"""",""BODEGA"":""""}",,NA
Morrillo de res,COCINA,500,gr,13950,1.05,2025-10-02,"{""minimo"":0,""maximo"":0,""actual"":0}",LACTEO,,46947cbd-b578-4abf-94b9-69c6e9d373e7,30.47,,"{""ALMACENAMIENTO"":"""",""BODEGA"":""""}",,OK
Banano,COCINA,14,un,8000,1.05,2025-10-02,"{""minimo"":0,""maximo"":0,""actual"":0}",VERDURAS_FRUTAS,,469a57d6-509e-42d1-8eee-2930e56ef712,624,f080ad98-583f-49bd-adc3-447e27c727ef,"{""ALMACENAMIENTO"":"""",""BODEGA"":""""}",,OK
Servilleta Cafeteria,COCINA,400,un,6723,1.05,2025-10-02,18.48825,DESECHABLES,,499b5594-6306-455f-8be1-3d559604358f,18.35,936c422f-7c4d-44e4-808a-296610925ed4,"{""ALMACENAMIENTO"":"""",""BODEGA"":""""}",,
CAFE VEGA,CAFE_BEBIDAS,2500,gr,100000,1.05,2025-10-02,"{""minimo"":"""",""maximo"":"""",""actual"":""""}",CAFE,,4b3a585d-a55a-4314-9a79-283e28be6198,43.68,,"{""BODEGA"":""NO_APLICA"",""ALMACENAMIENTO"":""NO_APLICA""}",,NA
Cilantro,,,,,1.05,2025-10-02,"{""minimo"":0,""maximo"":0,""actual"":0}",VERDURAS_FRUTAS,[],4c49d3c5-4dd4-4cfc-a0d0-97a1cdbce53f,,f080ad98-583f-49bd-adc3-447e27c727ef,"{""ALMACENAMIENTO"":"""",""BODEGA"":""""}",,OK
COSTILLA CERDO,COCINA,1000,gr,24900,1.05,2025-10-02,"{""minimo"":"""",""maximo"":"""",""actual"":""""}",CARNICO,,4cded9e5-c7a6-4227-b06c-859c1e4e99d8,27.19,bf50a92f-d7c4-46c4-97fc-3d674731ed04,"{""ALMACENAMIENTO"":"""",""BODEGA"":""""}",0,OK
Queso Parmesano Alpina,COCINA,453,gr,38000,1.05,2025-10-02,"{""minimo"":0,""maximo"":0,""actual"":0}",LACTEO,,4da69aba-2631-4129-98c3-0c2cc6d933d3,91.6,3f8b3eaf-cfdb-43f7-98bf-ca5b1d3fa75b,"{""ALMACENAMIENTO"":"""",""BODEGA"":""""}",,OK
Hielo,CAFE_BEBIDAS,3000,gr,6000,1.05,2025-10-02,"{""minimo"":0,""maximo"":0,""actual"":0}",CONDIMENTOS_ESPECIAS_ADITIVOS,,503f05fa-fc9b-4618-9824-b0c4b7cf65ef,2.18,4463dd9f-f085-4ccc-9b61-ec28cf332153,"{""ALMACENAMIENTO"":"""",""BODEGA"":""""}",,PC
Sazon Completo,COCINA,NaN,NaN,NaN,1.05,2025-10-02,"{""minimo"":0,""maximo"":0,""actual"":0}",CONDIMENTOS_ESPECIAS_ADITIVOS,,50621a54-16b2-4dbb-b8f4-983e275320ed,,,"{""ALMACENAMIENTO"":"""",""BODEGA"":""""}",,
Carne de hamburguesa,COCINA,10,un,10000,1.05,2025-10-02,"{""minimo"":0,""maximo"":0,""actual"":0}",CARNICO,,5066c337-926c-40db-85e1-9b8d7c32ca29,1092,,"{""ALMACENAMIENTO"":"""",""BODEGA"":""""}",,OK
Lychee,,1,,1500,1.05,2025-10-02,"{""minimo"":0,""maximo"":0,""actual"":0}",VERDURAS_FRUTAS,[],5145654e-bd05-4d8e-9726-dc35b9b84ea4,1638,bf50a92f-d7c4-46c4-97fc-3d674731ed04,"{""ALMACENAMIENTO"":"""",""BODEGA"":""""}",,
Mandarina DesHidratada,CAFE_BEBIDAS,80,gr,10000,1.05,2025-10-02,"{""minimo"":"""",""maximo"":"""",""actual"":""""}",BEBIDAS,,51e2a51f-fe88-40b4-a792-2316ec447ece,136.5,f080ad98-583f-49bd-adc3-447e27c727ef,"{""ALMACENAMIENTO"":"""",""BODEGA"":""""}",0,PC
TÉ MATCHA,,,,,1.05,2025-10-02,"{""minimo"":"""",""maximo"":"""",""actual"":""""}",BEBIDAS,[],51e6cf21-04b3-4df9-b5c2-651e68f55e78,,,"{""ALMACENAMIENTO"":"""",""BODEGA"":""""}",0,OK
Pasas,COCINA,200,gr,3550,1.05,2025-10-02,"{""minimo"":0,""maximo"":0,""actual"":0}",GRANOS_CEREALES,,52933ed9-2f05-4405-9acb-77f42597bca0,19.38,3f8b3eaf-cfdb-43f7-98bf-ca5b1d3fa75b,"{""ALMACENAMIENTO"":"""",""BODEGA"":""""}",,NA
Cerveza Nacional,,1,un,2300,1.05,2025-10-02,"{""minimo"":0,""maximo"":0,""actual"":0}",ENLATADOS,[],54521c02-198f-4521-a30c-19a179c02cf2,2511.6,f080ad98-583f-49bd-adc3-447e27c727ef,"{""ALMACENAMIENTO"":"""",""BODEGA"":""""}",,
Cafiza,,600,,100000,1.05,2025-10-02,"{""minimo"":"""",""maximo"":"""",""actual"":""""}",LIMPIEZA,[],545fecf6-b583-49eb-8cc0-94d432fef015,182,,"{""ALMACENAMIENTO"":"""",""BODEGA"":""""}",0,OK
Chiles Dulces,,,,,1.05,2025-10-02,"{""minimo"":"""",""maximo"":"""",""actual"":""""}",VERDURAS_FRUTAS,[],56f914cc-2889-483d-876d-9bf5898f7d73,,f080ad98-583f-49bd-adc3-447e27c727ef,"{""ALMACENAMIENTO"":"""",""BODEGA"":""""}",0,PC
aceitunas negras,COCINA,340,gr,17300,1.05,2025-10-02,"{""minimo"":0,""maximo"":0,""actual"":0}",CONDIMENTOS_ESPECIAS_ADITIVOS,,57c7945c-619e-43c8-928c-d946e8777928,55.56,,"{""ALMACENAMIENTO"":"""",""BODEGA"":""""}",,
Brocoli,COCINA,NaN,NaN,NaN,1.05,2025-10-02,"{""minimo"":0,""maximo"":0,""actual"":0}",VERDURAS_FRUTAS,,5821e4a7-bf3e-48d5-9f91-0bf49c864720,,f080ad98-583f-49bd-adc3-447e27c727ef,"{""ALMACENAMIENTO"":"""",""BODEGA"":""""}",,PC
Queso costeño,COCINA,1000,NaN,24000,1.05,2025-10-02,"{""minimo"":"""",""maximo"":"""",""actual"":""""}",LACTEO,,58879328-e7ad-4dac-a538-f68bd75ee49e,26.21,,"{""ALMACENAMIENTO"":"""",""BODEGA"":""""}",0,PC
Comino Semilla,COCINA,125,gr,12100,1.05,2025-10-02,"{""minimo"":0,""maximo"":0,""actual"":0}",CONDIMENTOS_ESPECIAS_ADITIVOS,,5a8816ec-5600-4884-b087-79b8dd9df8db,105.71,,"{""ALMACENAMIENTO"":"""",""BODEGA"":""""}",,
Goma Xantana,,100,gr,6000,1.05,2025-10-02,"{""minimo"":0,""maximo"":0,""actual"":0}",CONDIMENTOS_ESPECIAS_ADITIVOS,[],5b893f29-cbc2-493a-8d94-284091fce359,65.52,3f8b3eaf-cfdb-43f7-98bf-ca5b1d3fa75b,"{""ALMACENAMIENTO"":"""",""BODEGA"":""""}",,
Tomillo,COCINA,20,gr,1490,1.05,2025-10-02,"{""minimo"":0,""maximo"":0,""actual"":0}",CONDIMENTOS_ESPECIAS_ADITIVOS,,5cf218d4-0c47-4748-bae1-958902140c31,81.35,,"{""ALMACENAMIENTO"":"""",""BODEGA"":""""}",,
Almendra,COCINA,500,NaN,25900,1.05,2025-10-02,"{""minimo"":"""",""maximo"":"""",""actual"":""""}",GRANOS_CEREALES,,5fe7355b-0e2d-4f84-ab28-854cabecd6cb,56.57,f080ad98-583f-49bd-adc3-447e27c727ef,"{""ALMACENAMIENTO"":"""",""BODEGA"":""""}",0,OK
Pepino Rellenar,,,,,1.05,2025-10-02,"{""minimo"":0,""maximo"":0,""actual"":0}",VERDURAS_FRUTAS,[],62384e9b-82e0-4ba4-a0ee-996943cfa7d9,,f080ad98-583f-49bd-adc3-447e27c727ef,"{""ALMACENAMIENTO"":"""",""BODEGA"":""""}",,NA
Cebolla roja,COCINA,500,gr,2250,1.05,2025-10-02,"{""minimo"":0,""maximo"":0,""actual"":0}",VERDURAS_FRUTAS,,629b5d23-89e7-414d-abc9-2021781fab2f,4.91,f080ad98-583f-49bd-adc3-447e27c727ef,"{""ALMACENAMIENTO"":"""",""BODEGA"":""""}",,PC
EMPELLA,COCINA,1000,gr,6000,1.05,2025-10-02,"{""minimo"":0,""maximo"":0,""actual"":0}",CARNICO,,62f70840-12e8-4152-8cc0-472b2bb95294,6.55,,"{""ALMACENAMIENTO"":"""",""BODEGA"":""""}",,PC
Maracuya,COCINA,4000,gr,15000,1.05,2025-10-02,"{""minimo"":0,""maximo"":0,""actual"":0}",VERDURAS_FRUTAS,,63250da9-b597-49bd-a411-efff8fd1dd7e,4.1,f080ad98-583f-49bd-adc3-447e27c727ef,"{""ALMACENAMIENTO"":"""",""BODEGA"":""""}",,PC
TABLA,COCINA,1000,gr,334000,1.05,2025-10-02,"{""minimo"":"""",""maximo"":"""",""actual"":""""}",CARNICO,,63aa9b12-8f0b-44c5-9074-de8cf88d64cc,364.73,bf50a92f-d7c4-46c4-97fc-3d674731ed04,"{""ALMACENAMIENTO"":"""",""BODEGA"":""""}",0,OK
Papa Criolla,,,,,1.05,2025-10-02,"{""minimo"":0,""maximo"":0,""actual"":0}",VERDURAS_FRUTAS,[],63b41c58-f17e-4d9d-a2f1-83a256e52ce3,,f080ad98-583f-49bd-adc3-447e27c727ef,"{""ALMACENAMIENTO"":"""",""BODEGA"":""""}",,PC
Azucar morena,COCINA,1000,gr,4850,1.05,2025-10-02,"{""minimo"":0,""maximo"":0,""actual"":0}",CONDIMENTOS_ESPECIAS_ADITIVOS,,63fc02c1-a3df-4995-a036-134528cedc8b,5.3,3f8b3eaf-cfdb-43f7-98bf-ca5b1d3fa75b,"{""ALMACENAMIENTO"":"""",""BODEGA"":""""}",,
Berenjena,COCINA,500,gr,1800,1.05,2025-10-02,"{""minimo"":0,""maximo"":0,""actual"":0}",VERDURAS_FRUTAS,,676ff440-e3a3-415c-b2d7-726f2d3a267b,3.93,f080ad98-583f-49bd-adc3-447e27c727ef,"{""ALMACENAMIENTO"":"""",""BODEGA"":""""}",,OK
POSTA,COCINA,1000,gr,27000,1.05,2025-10-02,"{""minimo"":0,""maximo"":0,""actual"":0}",CARNICO,,6a6a8b62-e052-42af-8dcf-60a8184e721c,29.48,,"{""ALMACENAMIENTO"":"""",""BODEGA"":""""}",,OK
Vino Tinto,COCINA,750,gr,22000,1.05,2025-10-02,"{""minimo"":"""",""maximo"":"""",""actual"":""""}",CONDIMENTOS_ESPECIAS_ADITIVOS,,6c6662cd-9cb4-4a15-ba0e-e34d40f37b20,32.03,,"{""ALMACENAMIENTO"":"""",""BODEGA"":""""}",,
AGUA GAS BRISA PET 600ML,,24,un,32000,1.05,2025-10-02,"{""minimo"":"""",""maximo"":"""",""actual"":""""}",BEBIDAS,[],6d6f34d8-5bfd-434a-9976-ca0021eee74c,1456,b0ae9f45-a64e-4ad3-b11f-32eb17986cba,"{""ALMACENAMIENTO"":"""",""BODEGA"":""""}",0,OK
Coca Cola Zero 400 ml,,12,un,28800,1.05,2025-10-02,"{""minimo"":""6"",""maximo"":""24"",""actual"":""6""}",BEBIDAS,[],6d8b632d-d9e8-4968-9bed-5c12cedf9ec0,2620.8,b0ae9f45-a64e-4ad3-b11f-32eb17986cba,"{""ALMACENAMIENTO"":"""",""BODEGA"":""""}",0,OK
Pitillo Caña de Azucar,COCINA,200,un,13109,1.05,2025-10-02,"{""minimo"":0,""maximo"":0,""actual"":0}",DESECHABLES,,6dfdaa4f-765e-47f9-a55a-0b727605b0ee,71.58,,"{""ALMACENAMIENTO"":"""",""BODEGA"":""""}",,
SAL - COCINA,COCINA,465,gr,4000,1.05,2025-10-02,"{""minimo"":0,""maximo"":0,""actual"":0}",CONDIMENTOS_ESPECIAS_ADITIVOS,,6ea51224-266d-4bde-b882-5c0b2b095b7f,9.39,bf50a92f-d7c4-46c4-97fc-3d674731ed04,"{""ALMACENAMIENTO"":"""",""BODEGA"":""""}",,
Misuna Morada,COCINA,500,gr,12500,1.05,2025-10-02,"{""minimo"":0,""maximo"":0,""actual"":0}",VERDURAS_FRUTAS,,6eabde0b-8d9a-4555-818f-2d99d62c9f6b,27.3,f080ad98-583f-49bd-adc3-447e27c727ef,"{""ALMACENAMIENTO"":"""",""BODEGA"":""""}",,
Cidra,,1,un,2000,1.05,2025-10-02,"{""minimo"":"""",""maximo"":"""",""actual"":""""}",VERDURAS_FRUTAS,[],72452133-3a11-4e62-895d-cb6fedc1bc05,2184,f080ad98-583f-49bd-adc3-447e27c727ef,"{""ALMACENAMIENTO"":"""",""BODEGA"":""""}",0.10,PC
Papaya,COCINA,1,un,NaN,1.05,2025-10-02,"{""minimo"":"""",""maximo"":"""",""actual"":""2300""}",VERDURAS_FRUTAS,,72b3e136-059f-4495-87ec-a4e8c8f4ace8,,f080ad98-583f-49bd-adc3-447e27c727ef,"{""ALMACENAMIENTO"":"""",""BODEGA"":""""}",0,PC
Mantequilla,COCINA,500,gr,16650,1.05,2025-10-02,"{""minimo"":"""",""maximo"":"""",""actual"":""""}",LACTEO,,746d4f86-bde8-46a7-a582-e6dc4d4b38e4,36.36,3f8b3eaf-cfdb-43f7-98bf-ca5b1d3fa75b,"{""ALMACENAMIENTO"":"""",""BODEGA"":""""}",0,OK
Achiota,COCINA,NaN,NaN,NaN,1.05,2025-10-02,"{""minimo"":0,""maximo"":0,""actual"":0}",CONDIMENTOS_ESPECIAS_ADITIVOS,,766119b8-f3b6-4036-9ec3-c0c1f054a1dc,,,"{""ALMACENAMIENTO"":"""",""BODEGA"":""""}",,
Sandia,COCINA,NaN,NaN,NaN,1.05,2025-10-02,"{""minimo"":0,""maximo"":0,""actual"":0}",VERDURAS_FRUTAS,,7729354f-269e-46fe-9001-07d10a0d1c13,,f080ad98-583f-49bd-adc3-447e27c727ef,"{""ALMACENAMIENTO"":"""",""BODEGA"":""""}",,OK
AGUA NATURAL BRISA PET 600ML,,24,un,32000,1.05,2025-10-02,"{""minimo"":"""",""maximo"":"""",""actual"":""""}",BEBIDAS,[],77c39312-3586-4d28-b582-c7f7d2e58d55,1456,b0ae9f45-a64e-4ad3-b11f-32eb17986cba,"{""ALMACENAMIENTO"":"""",""BODEGA"":""""}",0,OK
CAFE LUCUS,CAFE_BEBIDAS,2500,gr,161700,1.05,2025-10-02,"{""minimo"":""200"",""maximo"":""2500"",""actual"":""2000""}",CAFE,,789b3603-5bac-4a97-9afa-9a57a4cf42ff,70.63,78a7a9f3-1c11-4622-bf2c-6f16c140d217,"{""ALMACENAMIENTO"":""CANASTA_INFERIOR_BARRA"",""BODEGA"":""CANASTA_INFERIOR_BARRA""}",,OK
Yogurt Griego,COCINA,942,gr,34900,1.05,2025-10-02,"{""minimo"":"""",""maximo"":"""",""actual"":""""}",LACTEO,,79f14bfd-73a5-4db1-9ab8-e02dfb6b23e7,40.46,,"{""ALMACENAMIENTO"":"""",""BODEGA"":""""}",0,PC
Tomillo Molido,COCINA,NaN,NaN,NaN,1.05,2025-10-02,"{""minimo"":0,""maximo"":0,""actual"":0}",CONDIMENTOS_ESPECIAS_ADITIVOS,,7af1d4b4-3cbe-4aad-9555-637ffe722a0d,,,"{""ALMACENAMIENTO"":"""",""BODEGA"":""""}",,OK
Leche entera,CAFE_BEBIDAS,5400,ml,18690,1.05,2025-10-02,"{""minimo"":"""",""maximo"":"""",""actual"":""""}",LACTEO,,7b9e1e0b-d5d4-4853-8142-44b520be00c2,3.78,bf50a92f-d7c4-46c4-97fc-3d674731ed04,"{""ALMACENAMIENTO"":"""",""BODEGA"":""""}",0,OK
Ajos en Aceite,COCINA,907,NaN,32900,1.05,2025-10-02,"{""minimo"":0,""maximo"":0,""actual"":0}",CONDIMENTOS_ESPECIAS_ADITIVOS,,7c426294-b5d7-453a-904d-0777d38ab6ab,39.61,27940d9d-369e-4d0d-84ed-59714451e4c2,"{""ALMACENAMIENTO"":"""",""BODEGA"":""""}",,NA
Tomate Uvalina,COCINA,1000,gr,5000,1.05,2025-10-02,"{""minimo"":"""",""maximo"":"""",""actual"":""""}",VERDURAS_FRUTAS,,7d44f4ea-01e1-4992-a28d-a12f2b95fafc,5.46,f080ad98-583f-49bd-adc3-447e27c727ef,"{""ALMACENAMIENTO"":"""",""BODEGA"":""""}",0,OK
Pechuga,COCINA,500,gr,11900,1.05,2025-10-02,"{""minimo"":0,""maximo"":0,""actual"":0}",CARNICO,,7ef9d1de-9a29-49cb-8b84-98f9c5de4918,25.99,bf50a92f-d7c4-46c4-97fc-3d674731ed04,"{""ALMACENAMIENTO"":"""",""BODEGA"":""""}",,PC
Croisant de jamon y queso_,,1,un,7200,1.05,2025-10-02,"{""minimo"":"""",""maximo"":"""",""actual"":""""}",PANADERIA,[],7f2b2f81-9253-40c8-b951-cf171132d16f,7862.4,,"{""ALMACENAMIENTO"":"""",""BODEGA"":""""}",,
Tomate riñon,COCINA,900,NaN,NaN,1.05,2025-10-02,"{""minimo"":0,""maximo"":0,""actual"":0}",VERDURAS_FRUTAS,,7fb5b488-32cf-4ada-964c-60657b9800ef,,f080ad98-583f-49bd-adc3-447e27c727ef,"{""ALMACENAMIENTO"":"""",""BODEGA"":""""}",,PC
Tomate Chonto,COCINA,1000,gr,4000,1.05,2025-10-02,"{""minimo"":0,""maximo"":0,""actual"":0}",VERDURAS_FRUTAS,,80881b71-9886-4c57-b136-f2e0ff70fcde,4.37,f080ad98-583f-49bd-adc3-447e27c727ef,"{""ALMACENAMIENTO"":"""",""BODEGA"":""""}",,PC
Naranja Tangelo,COCINA,1000,NaN,6400,1.05,2025-10-02,"{""minimo"":""600"",""maximo"":""10000"",""actual"":""10000""}",VERDURAS_FRUTAS,,80b4dbbf-281d-4c78-a54b-b520055c4eb0,6.99,f080ad98-583f-49bd-adc3-447e27c727ef,"{""ALMACENAMIENTO"":"""",""BODEGA"":""""}",,OK
Aguacate,COCINA,4,srv,5000,1.05,2025-10-02,"{""minimo"":0,""maximo"":0,""actual"":0}",VERDURAS_FRUTAS,,818e1345-bc56-4211-b881-9c847d5040d5,1365,0b3d5315-95cf-4ebf-a7a5-585d512e3fdb,"{""ALMACENAMIENTO"":"""",""BODEGA"":""""}",,PC
Rugula,COCINA,250,gr,24000,1.05,2025-10-02,"{""minimo"":0,""maximo"":0,""actual"":0}",VERDURAS_FRUTAS,,82137c85-21d9-453a-be27-84a34afe1705,104.83,f080ad98-583f-49bd-adc3-447e27c727ef,"{""ALMACENAMIENTO"":"""",""BODEGA"":""""}",,PC
Habichuela,,,,,1.05,2025-10-02,"{""minimo"":0,""maximo"":0,""actual"":0}",VERDURAS_FRUTAS,[],822b3e24-5cf1-4cc7-aec7-0989eb37e753,,,"{""ALMACENAMIENTO"":"""",""BODEGA"":""""}",,NA
Laurel Molido,COCINA,NaN,NaN,NaN,1.05,2025-10-02,"{""minimo"":"""",""maximo"":"""",""actual"":""""}",CONDIMENTOS_ESPECIAS_ADITIVOS,,8451a002-c3c5-42a4-b912-8d585d10fdd1,,,"{""ALMACENAMIENTO"":"""",""BODEGA"":""""}",0,
TÉ FRUTOS VERDES,,,,,1.05,2025-10-02,"{""minimo"":"""",""maximo"":"""",""actual"":""""}",BEBIDAS,[],84dba199-c0f6-4240-8095-a89b55bd16bc,,,"{""ALMACENAMIENTO"":"""",""BODEGA"":""""}",0,OK
Tapa Blanca 7oz,COCINA,50,un,8151,1.05,2025-10-02,"{""minimo"":0,""maximo"":0,""actual"":0}",DESECHABLES,,85ab4aaa-37e8-4b5b-878f-b3b38d115e98,178.02,3f8b3eaf-cfdb-43f7-98bf-ca5b1d3fa75b,"{""ALMACENAMIENTO"":"""",""BODEGA"":""""}",,
CAFE LIOFILIZADO,CAFE_BEBIDAS,95,gr,12000,1.05,2025-10-02,"{""minimo"":""100"",""maximo"":""5000"",""actual"":""300""}",CAFE,,8a791f8b-b790-4f2b-97ed-66cbed589e25,137.94,f080ad98-583f-49bd-adc3-447e27c727ef,"{""ALMACENAMIENTO"":"""",""BODEGA"":""""}",,OK
Panela Bloque,COCINA,500,gr,4000,1.05,2025-10-02,"{""minimo"":0,""maximo"":0,""actual"":0}",CONDIMENTOS_ESPECIAS_ADITIVOS,,8d33b839-f1e9-4ba8-b8c1-8b889e3d9a86,8.74,,"{""ALMACENAMIENTO"":"""",""BODEGA"":""""}",,
Tomate Enlatado,COCINA,2900,gr,37900,1.05,2025-10-02,"{""minimo"":0,""maximo"":0,""actual"":0}",ENLATADOS,,92169e81-4500-4176-9179-8ff0e028b3cf,14.27,,"{""ALMACENAMIENTO"":"""",""BODEGA"":""""}",,
Chocolate cobertura,COCINA,1000,gr,72750,1.05,2025-10-02,"{""minimo"":"""",""maximo"":"""",""actual"":""""}",CONDIMENTOS_ESPECIAS_ADITIVOS,,946b8026-99ec-40c9-8c0d-323eaa9d601b,79.44,,"{""ALMACENAMIENTO"":"""",""BODEGA"":""""}",0,
Jamon Sanduche,COCINA,24,un,13460,1.05,2025-10-02,"{""minimo"":"""",""maximo"":"""",""actual"":""""}",CARNICO,,96c35796-1620-435b-aa89-2fdaaec69d11,612.43,bf50a92f-d7c4-46c4-97fc-3d674731ed04,"{""ALMACENAMIENTO"":"""",""BODEGA"":""""}",0,OK
Leche en polvo,COCINA,380,gr,15400,1.05,2025-10-02,"{""minimo"":0,""maximo"":0,""actual"":0}",LACTEO,,97078d2c-a430-4b33-8f64-3cc34302716f,44.25,,"{""ALMACENAMIENTO"":"""",""BODEGA"":""""}",,PC
Frijol Verde desgranado,COCINA,1000,gr,12000,1.05,2025-10-02,"{""minimo"":"""",""maximo"":"""",""actual"":""""}",VERDURAS_FRUTAS,,9722df04-a999-4b7d-9512-79ea86804f76,13.1,f080ad98-583f-49bd-adc3-447e27c727ef,"{""ALMACENAMIENTO"":"""",""BODEGA"":""""}",0.05,
Flor de jamaica,COCINA,25,gr,6760,1.05,2025-10-02,"{""minimo"":0,""maximo"":0,""actual"":0}",CONDIMENTOS_ESPECIAS_ADITIVOS,,98512cf7-5a91-4d50-8dbb-ceec70f6bb64,295.28,f080ad98-583f-49bd-adc3-447e27c727ef,"{""ALMACENAMIENTO"":"""",""BODEGA"":""""}",,
Arandanos Azules,COCINA,500,gr,38000,1.05,2025-10-02,"{""minimo"":0,""maximo"":0,""actual"":0}",VERDURAS_FRUTAS,,99c28780-3c91-4def-97d0-34cd35607630,82.99,f080ad98-583f-49bd-adc3-447e27c727ef,"{""ALMACENAMIENTO"":"""",""BODEGA"":""""}",,PC
Reducción de balsamico,COCINA,250,gr,NaN,1.05,2025-10-02,"{""minimo"":0,""maximo"":0,""actual"":0}",CONDIMENTOS_ESPECIAS_ADITIVOS,,9ad5058d-e999-4dd3-b4d5-3b48639827fc,,,"{""ALMACENAMIENTO"":"""",""BODEGA"":""""}",,
Samilla de Cilantro,COCINA,NaN,NaN,NaN,1.05,2025-10-02,"{""minimo"":0,""maximo"":0,""actual"":0}",CONDIMENTOS_ESPECIAS_ADITIVOS,,9c19d879-d5c5-4236-9911-61b642a29c49,,,"{""ALMACENAMIENTO"":"""",""BODEGA"":""""}",,
Vasos 9oz,COCINA,NaN,NaN,NaN,1.05,2025-10-02,"{""minimo"":0,""maximo"":0,""actual"":0}",DESECHABLES,,9dec061f-a2fb-4d5c-92ec-03f71d2f9284,,,"{""ALMACENAMIENTO"":"""",""BODEGA"":""""}",,
Jamon Cerrano,COCINA,80,gr,6000,1.05,2025-10-02,"{""minimo"":0,""maximo"":0,""actual"":0}",CARNICO,,9e5c329f-73fd-4767-afb7-7d512182c757,81.9,,"{""ALMACENAMIENTO"":"""",""BODEGA"":""""}",,NA
Yuca,COCINA,1000,gr,2300,1.05,2025-10-02,"{""minimo"":0,""maximo"":0,""actual"":0}",VERDURAS_FRUTAS,,9eb249c9-d185-4bfe-84b9-e07506b3969c,2.51,f080ad98-583f-49bd-adc3-447e27c727ef,"{""ALMACENAMIENTO"":"""",""BODEGA"":""""}",,PC
Limón Mandarino,,1000,gr,5000,1.05,2025-10-02,"{""minimo"":""100"",""maximo"":""5000"",""actual"":""2800""}",VERDURAS_FRUTAS,[],a097bc81-9893-47bc-a648-4d77ba9b64a3,5.46,f080ad98-583f-49bd-adc3-447e27c727ef,"{""ALMACENAMIENTO"":"""",""BODEGA"":""""}",0,PC
Ajo,COCINA,270,gr,1900,1.05,2025-10-02,"{""minimo"":0,""maximo"":0,""actual"":0}",VERDURAS_FRUTAS,,a2a3dc1a-34cc-4d7b-9fbc-8d61b7e2068b,7.68,f080ad98-583f-49bd-adc3-447e27c727ef,"{""ALMACENAMIENTO"":"""",""BODEGA"":""""}",,PC
Tapa Bowl 32oz,COCINA,50,un,21765,1.05,2025-10-02,"{""minimo"":0,""maximo"":0,""actual"":0}",DESECHABLES,,a2fc9c71-0ac2-431a-b3bf-e59769e1513e,475.35,,"{""ALMACENAMIENTO"":"""",""BODEGA"":""""}",,
Azucar Glass,,2500,,16750,1.05,2025-10-02,"{""minimo"":"""",""maximo"":"""",""actual"":""""}",CONDIMENTOS_ESPECIAS_ADITIVOS,[],a35685c0-c6fb-4992-b446-0150f0888acb,7.32,3f8b3eaf-cfdb-43f7-98bf-ca5b1d3fa75b,"{""ALMACENAMIENTO"":"""",""BODEGA"":""""}",0,
Aromatica,COCINA,20,un,12000,1.05,2025-10-02,"{""minimo"":"""",""maximo"":"""",""actual"":""""}",BEBIDAS,,a4421b45-b37f-4257-88df-9ff23232b3ea,655.2,bf50a92f-d7c4-46c4-97fc-3d674731ed04,"{""ALMACENAMIENTO"":"""",""BODEGA"":""""}",0,PC
Lechuga,,200,gr,2140,1.05,2025-10-02,"{""minimo"":"""",""maximo"":"""",""actual"":""""}",VERDURAS_FRUTAS,[],a5372f56-7be5-40ad-a625-25988413d25d,11.68,6b38db3f-c7dc-4aa6-8ed6-dc792ecf146d,"{""ALMACENAMIENTO"":"""",""BODEGA"":""""}",0,OK
Pollo Pechuga Fileteada,COCINA,105,gr,3200,1.05,2025-10-02,"{""minimo"":0,""maximo"":0,""actual"":0}",CARNICO,,a5690e68-dc0a-433e-b089-4b0528e02dcb,33.28,bf50a92f-d7c4-46c4-97fc-3d674731ed04,"{""ALMACENAMIENTO"":"""",""BODEGA"":""""}",,PC
Chorizo español,COCINA,16,un,7800,1.05,2025-10-02,"{""minimo"":"""",""maximo"":"""",""actual"":""""}",CARNICO,,a68c5aac-c430-49cf-bd5c-9803ab8aba24,532.35,,"{""ALMACENAMIENTO"":""REFRIGERACION_COCINA"",""BODEGA"":""""}",0,NA
Film Stretch 15 cm,COCINA,300,NaN,10756,1.05,2025-10-02,"{""minimo"":0,""maximo"":0,""actual"":0}",DESECHABLES,,a68d54d4-444b-450a-9edf-8e43dbd9d68c,39.15,f080ad98-583f-49bd-adc3-447e27c727ef,"{""ALMACENAMIENTO"":"""",""BODEGA"":""""}",,NA
Nachos,COCINA,500,gr,12900,1.05,2025-10-02,"{""minimo"":"""",""maximo"":"""",""actual"":""""}",GUARNICION,,a6d61552-9c57-4bca-8d47-d3af20082478,28.17,,"{""ALMACENAMIENTO"":"""",""BODEGA"":""""}",0,PC
Ron caldas,COCINA,750,ml,48800,1.05,2025-10-02,"{""minimo"":0,""maximo"":0,""actual"":0}",CONDIMENTOS_ESPECIAS_ADITIVOS,,a6f95545-33f1-4940-b399-6ddf70008283,71.05,,"{""ALMACENAMIENTO"":"""",""BODEGA"":""""}",,
Curcuma,COCINA,NaN,NaN,NaN,1.05,2025-10-02,"{""minimo"":0,""maximo"":0,""actual"":0}",CONDIMENTOS_ESPECIAS_ADITIVOS,,a7410018-be11-4758-80be-7c2f7726aa91,,,"{""ALMACENAMIENTO"":"""",""BODEGA"":""""}",,OK
Chocolate ( Cocoa en polvo) Cordillera,COCINA,1000,gr,70950,1.05,2025-10-02,"{""minimo"":0,""maximo"":0,""actual"":0}",CONDIMENTOS_ESPECIAS_ADITIVOS,,a80d58f3-b569-4dc6-bd9f-1e1202f66d9e,77.48,3f8b3eaf-cfdb-43f7-98bf-ca5b1d3fa75b,"{""ALMACENAMIENTO"":"""",""BODEGA"":""""}",,
Semillas De Calabaza,,200,gr,10800,1.05,2025-10-02,"{""minimo"":"""",""maximo"":"""",""actual"":""""}",GRANOS_CEREALES,[],a8546963-486f-4e3a-86db-6d8011561a1d,58.97,3f8b3eaf-cfdb-43f7-98bf-ca5b1d3fa75b,"{""ALMACENAMIENTO"":"""",""BODEGA"":""""}",0,OK
Nuez Brasil,,125,gr,4500,1.05,2025-10-02,"{""minimo"":0,""maximo"":0,""actual"":0}",GRANOS_CEREALES,[],a8657a77-dfbb-485f-a753-935a15e7d795,39.31,f080ad98-583f-49bd-adc3-447e27c727ef,"{""ALMACENAMIENTO"":"""",""BODEGA"":""""}",,OK
Romero,COCINA,50,gr,4170,1.05,2025-10-02,"{""minimo"":0,""maximo"":0,""actual"":0}",CONDIMENTOS_ESPECIAS_ADITIVOS,,a91ad977-7e06-438c-be13-81f186d83215,91.07,,"{""ALMACENAMIENTO"":"""",""BODEGA"":""""}",,
PIERNA PULPA,COCINA,1000,gr,20900,1.05,2025-10-02,"{""minimo"":"""",""maximo"":"""",""actual"":""""}",CARNICO,,a9540f7d-335d-452c-8268-4101ed65f682,22.82,,"{""ALMACENAMIENTO"":"""",""BODEGA"":""""}",0,OK
Quesito,COCINA,480,gr,8390,1.05,2025-10-02,"{""minimo"":0,""maximo"":0,""actual"":0}",LACTEO,,a9a36935-b223-40de-9c3f-6154a00ad053,19.09,,"{""ALMACENAMIENTO"":"""",""BODEGA"":""""}",,OK
Curry Mazala,COCINA,100,NaN,50000,1.05,2025-10-02,"{""minimo"":0,""maximo"":0,""actual"":0}",CONDIMENTOS_ESPECIAS_ADITIVOS,,ab7e8025-bbd2-472a-9915-287b64420469,546,27940d9d-369e-4d0d-84ed-59714451e4c2,"{""ALMACENAMIENTO"":"""",""BODEGA"":""""}",,PC
Laurel Hoja,COCINA,50,un,5000,1.05,2025-10-02,"{""minimo"":"""",""maximo"":"""",""actual"":""""}",CONDIMENTOS_ESPECIAS_ADITIVOS,,abab507d-161f-42b0-b372-33214d15be2f,109.2,,"{""ALMACENAMIENTO"":"""",""BODEGA"":""""}",0,PC
Chorizo campesino,COCINA,12,un,16000,1.05,2025-10-02,"{""minimo"":0,""maximo"":0,""actual"":0}",CARNICO,,ac1918d6-3a8c-48fc-a086-a138ece6230c,1456,bf50a92f-d7c4-46c4-97fc-3d674731ed04,"{""ALMACENAMIENTO"":"""",""BODEGA"":""""}",,OK
Coliflor,COCINA,NaN,NaN,NaN,1.05,2025-10-02,"{""minimo"":0,""maximo"":0,""actual"":0}",VERDURAS_FRUTAS,,acee7a7d-ac5f-4b9e-93d9-f3573a4f11eb,,f080ad98-583f-49bd-adc3-447e27c727ef,"{""ALMACENAMIENTO"":"""",""BODEGA"":""""}",,PC
Limon Tahiti,COCINA,31000,gr,14000,1.05,2025-10-02,"{""minimo"":0,""maximo"":0,""actual"":0}",VERDURAS_FRUTAS,,ae87e7d4-ad0a-4d3d-b0bd-9705a3279b85,0.49,f080ad98-583f-49bd-adc3-447e27c727ef,"{""ALMACENAMIENTO"":"""",""BODEGA"":""""}",,PC
Bowl 32 oz,COCINA,50,un,29370,1.1,2025-10-02,"{""minimo"":0,""maximo"":0,""actual"":0}",DESECHABLES,,b09ae884-ef76-430b-8dff-5b3970af8b39,671.99,,"{""ALMACENAMIENTO"":"""",""BODEGA"":""""}",,PC
Champiñones,COCINA,250,gr,8800,1.05,2025-10-02,"{""minimo"":0,""maximo"":0,""actual"":0}",VERDURAS_FRUTAS,,b1f10710-29bf-461d-af5f-0ef169ceab1a,38.44,f080ad98-583f-49bd-adc3-447e27c727ef,"{""ALMACENAMIENTO"":"""",""BODEGA"":""""}",,NA
Member's Selection Mezcla en Polvo Sabor a Té Frío con Limón,,3000,gr,32900,1.05,2025-10-02,"{""minimo"":"""",""maximo"":"""",""actual"":""""}",BEBIDAS,[],b2b17470-4b45-4937-9d2d-2e9a6f999d49,11.98,27940d9d-369e-4d0d-84ed-59714451e4c2,"{""ALMACENAMIENTO"":"""",""BODEGA"":""""}",0,OK
Calabacin,COCINA,1,NaN,6000,1.05,2025-10-02,"{""minimo"":0,""maximo"":0,""actual"":0}",VERDURAS_FRUTAS,,b7db998d-6f7c-41ba-92a7-0e50ff4dac6d,6552,f080ad98-583f-49bd-adc3-447e27c727ef,"{""ALMACENAMIENTO"":"""",""BODEGA"":""""}",,PC
Frijoles Verdes en Vaina,,1000,gr,6000,1.05,2025-10-02,"{""minimo"":"""",""maximo"":"""",""actual"":""""}",GRANOS_CEREALES,[],b80ef946-13b4-4952-9a40-881e41aaafa1,6.55,0b3d5315-95cf-4ebf-a7a5-585d512e3fdb,"{""ALMACENAMIENTO"":"""",""BODEGA"":""""}",0.25,
Salsa Napolitana,COCINA,NaN,NaN,NaN,1.05,2025-10-02,"{""minimo"":0,""maximo"":0,""actual"":0}",CONDIMENTOS_ESPECIAS_ADITIVOS,,b8c4e400-19dc-4841-9baf-b90110ea1ea1,,,"{""ALMACENAMIENTO"":"""",""BODEGA"":""""}",,
Yucarina,COCINA,NaN,NaN,NaN,1.05,2025-10-02,"{""minimo"":0,""maximo"":0,""actual"":0}",HARINAS,,b91e8ba7-f1db-448e-953c-69649b90d961,,3f8b3eaf-cfdb-43f7-98bf-ca5b1d3fa75b,"{""ALMACENAMIENTO"":"""",""BODEGA"":""""}",,PC
Aceite vegetal de soya,COCINA,2700,ml,23990,1.05,2025-10-02,"{""minimo"":0,""maximo"":0,""actual"":0}",CONDIMENTOS_ESPECIAS_ADITIVOS,,ba61c4e0-54cb-4b6e-a892-ac964e518c80,9.7,,"{""ALMACENAMIENTO"":"""",""BODEGA"":""""}",,
Panela Pulverizada,COCINA,500,gr,6000,1.05,2025-10-02,"{""minimo"":0,""maximo"":0,""actual"":0}",CONDIMENTOS_ESPECIAS_ADITIVOS,,ba9fb4d5-99bf-4911-b9dc-ad7c7576c8f7,13.1,bf50a92f-d7c4-46c4-97fc-3d674731ed04,"{""ALMACENAMIENTO"":"""",""BODEGA"":""""}",,
Chocolate Salsa Corona,CAFE_BEBIDAS,250,gr,12100,1.05,2025-10-02,"{""minimo"":"""",""maximo"":"""",""actual"":""""}",CONDIMENTOS_ESPECIAS_ADITIVOS,,baeb8e5f-fa29-43c2-9fb8-d59df7a990e5,52.85,bf50a92f-d7c4-46c4-97fc-3d674731ed04,"{""ALMACENAMIENTO"":"""",""BODEGA"":""""}",0.05,
Jengibre Molido Seco,,200,gr,5000,1.05,2025-10-02,"{""minimo"":0,""maximo"":0,""actual"":0}",CONDIMENTOS_ESPECIAS_ADITIVOS,[],bb1e5765-e0a7-4782-837a-6fe138fc6dee,27.3,f080ad98-583f-49bd-adc3-447e27c727ef,"{""ALMACENAMIENTO"":"""",""BODEGA"":""""}",,
Caldo deshidratado,COCINA,1000,ml,4450,1.05,2025-10-02,"{""minimo"":0,""maximo"":0,""actual"":0}",CONDIMENTOS_ESPECIAS_ADITIVOS,,bc073248-f282-4c8b-a3c2-ccd5104ef2b0,4.86,,"{""ALMACENAMIENTO"":"""",""BODEGA"":""""}",,
Fresa (Jugo),,1000,gr,3500,1.05,2025-10-02,"{""minimo"":0,""maximo"":0,""actual"":0}",VERDURAS_FRUTAS,[],bdc783a6-812f-4391-bda0-89dfd97dd0e9,3.82,f080ad98-583f-49bd-adc3-447e27c727ef,"{""ALMACENAMIENTO"":"""",""BODEGA"":""""}",,OK
"TÉ MANZANILLA, MIEL Y JENGIBRE",,,,,1.05,2025-10-02,"{""minimo"":"""",""maximo"":"""",""actual"":""""}",BEBIDAS,[],bdcf25b4-962a-4cc1-afff-9c683b263b0b,,,"{""ALMACENAMIENTO"":"""",""BODEGA"":""""}",0,PC
Levadura Masa Madre,,50,gr,10000,1.05,2025-10-02,"{""minimo"":""100"",""maximo"":""500"",""actual"":""0""}",CONCERVAS_FERMENTOS_PRECOCIDOS,[],c07eddd6-cdfe-436a-9ac5-b6db7f0f980a,218.4,,"{""ALMACENAMIENTO"":"""",""BODEGA"":""""}",,OK
Bicarbonato de sodio,COCINA,1000,gr,7250,1.05,2025-10-02,"{""minimo"":0,""maximo"":0,""actual"":0}",CONDIMENTOS_ESPECIAS_ADITIVOS,,c0fb6117-783d-4c7f-ab7e-decee06b82fb,7.92,,"{""ALMACENAMIENTO"":"""",""BODEGA"":""""}",,
Vaso 7 oz papel,COCINA,50,un,8740,1.05,2025-10-02,"{""minimo"":0,""maximo"":0,""actual"":0}",DESECHABLES,,c1072f73-43c8-4476-bc8d-c3d7fa43f91b,190.88,,"{""ALMACENAMIENTO"":"""",""BODEGA"":""""}",,
Milo,CAFE_BEBIDAS,1600,gr,58900,1.05,2025-10-02,"{""minimo"":""100"",""maximo"":""2500"",""actual"":""600""}",BEBIDAS,,c1752614-7232-4f3f-adcd-746c725c2b53,40.2,27940d9d-369e-4d0d-84ed-59714451e4c2,"{""BODEGA"":""CANASTA_INFERIOR_EMPACADO"",""ALMACENAMIENTO"":""REPISA_DESPACHO""}",0,PC
Arepa,COCINA,5,un,2250,1.05,2025-10-02,"{""minimo"":"""",""maximo"":"""",""actual"":""""}",GUARNICION,,c31a9142-dea7-4422-b687-7dcc1e463b43,491.4,,"{""ALMACENAMIENTO"":"""",""BODEGA"":""""}",0,OK
Pimienta Negra,COCINA,70,gr,12000,1.05,2025-10-02,"{""minimo"":0,""maximo"":0,""actual"":0}",VERDURAS_FRUTAS,,c4bd69ae-4872-49db-b2e5-7f514b40175d,187.2,f080ad98-583f-49bd-adc3-447e27c727ef,"{""ALMACENAMIENTO"":"""",""BODEGA"":""""}",,OK
Cebolla blanca,COCINA,1000,gr,3500,1.05,2025-10-02,"{""minimo"":0,""maximo"":0,""actual"":0}",VERDURAS_FRUTAS,,c68e02b0-6f86-409b-b92f-6b9389f98c79,3.82,f080ad98-583f-49bd-adc3-447e27c727ef,"{""ALMACENAMIENTO"":"""",""BODEGA"":""""}",,NA
Tomate de Arbol,,1300,gr,8000,1.05,2025-10-02,"{""minimo"":0,""maximo"":0,""actual"":0}",VERDURAS_FRUTAS,[],cb22f46e-42bb-4fb8-8f5e-15f21ffb39fd,6.72,f080ad98-583f-49bd-adc3-447e27c727ef,"{""ALMACENAMIENTO"":"""",""BODEGA"":""""}",,OK
Queso azul,COCINA,1000,gr,55000,1.05,2025-10-02,"{""minimo"":0,""maximo"":0,""actual"":0}",LACTEO,,cb725f4f-7201-486f-90fc-d3459e7d4ad7,60.06,,"{""ALMACENAMIENTO"":"""",""BODEGA"":""""}",,PC
Mayo Picante,COCINA,NaN,NaN,NaN,1.05,2025-10-02,"{""minimo"":0,""maximo"":0,""actual"":0}",CONDIMENTOS_ESPECIAS_ADITIVOS,,cc00b87d-c881-48a6-9604-55dd679ea89e,,,"{""ALMACENAMIENTO"":"""",""BODEGA"":""""}",,
Jengibre Fresco,,3000,gr,5000,1.05,2025-10-02,"{""minimo"":0,""maximo"":0,""actual"":0}",VERDURAS_FRUTAS,[],ccff3929-f50c-40d0-8ef3-e5757f53a93a,1.82,f080ad98-583f-49bd-adc3-447e27c727ef,"{""ALMACENAMIENTO"":"""",""BODEGA"":""""}",,OK
Manzana Verde,COCINA,1360,gr,15900,1.05,2025-10-02,"{""minimo"":0,""maximo"":0,""actual"":0}",VERDURAS_FRUTAS,,cdb8cd55-be75-4348-a0d5-0c23abdbf3e4,12.77,f080ad98-583f-49bd-adc3-447e27c727ef,"{""ALMACENAMIENTO"":"""",""BODEGA"":""""}",,OK
TE VERDE,,,,,1.05,2025-10-02,"{""minimo"":"""",""maximo"":"""",""actual"":""""}",BEBIDAS,[],cdc22e13-42a0-4a74-b26e-97da966c9ce0,,,"{""ALMACENAMIENTO"":"""",""BODEGA"":""""}",0,OK
Moras,COCINA,500,gr,4500,1.05,2025-10-02,"{""minimo"":0,""maximo"":0,""actual"":0}",VERDURAS_FRUTAS,,ce33f90f-1184-4a39-badf-3437e1edaaec,9.83,f080ad98-583f-49bd-adc3-447e27c727ef,"{""ALMACENAMIENTO"":"""",""BODEGA"":""""}",,PC
Te Negro Helado,COCINA,600,gr,21100,1.05,2025-10-02,"{""minimo"":"""",""maximo"":"""",""actual"":""""}",BEBIDAS,,ceb98940-845d-44b6-99be-ff41606e5086,38.4,27940d9d-369e-4d0d-84ed-59714451e4c2,"{""ALMACENAMIENTO"":"""",""BODEGA"":""""}",0,OK
Cañón De Cerdo,,1000,gr,23900,1.05,2025-10-02,"{""minimo"":"""",""maximo"":"""",""actual"":""""}",CARNICO,[],ceca9f13-2696-46b2-867e-0f25fd9c5500,26.1,bf50a92f-d7c4-46c4-97fc-3d674731ed04,"{""ALMACENAMIENTO"":"""",""BODEGA"":""""}",0,OK
Albahaca,,5000,gr,8000,1.05,2025-10-02,"{""minimo"":0,""maximo"":0,""actual"":0}",VERDURAS_FRUTAS,[],cff02a5a-5242-437b-bd37-0237df9d3df2,1.75,f080ad98-583f-49bd-adc3-447e27c727ef,"{""ALMACENAMIENTO"":"""",""BODEGA"":""""}",,NA
Espinaca,COCINA,30,gr,1600,1.05,2025-10-02,"{""minimo"":0,""maximo"":0,""actual"":0}",VERDURAS_FRUTAS,,d0b2b668-16bb-4fd9-8dd0-27f77afe2c0f,58.24,f080ad98-583f-49bd-adc3-447e27c727ef,"{""ALMACENAMIENTO"":"""",""BODEGA"":""""}",,OK
Lenteja,COCINA,500,gr,3600,1.05,2025-10-02,"{""minimo"":0,""maximo"":0,""actual"":0}",GRANOS_CEREALES,,d30116fc-5be2-4712-926e-7de7507073eb,7.86,,"{""ALMACENAMIENTO"":"""",""BODEGA"":""""}",,PC
Especia Chai,COCINA,35,gr,32000,1.05,2025-10-02,10,CONDIMENTOS_ESPECIAS_ADITIVOS,[],d34b6662-32fe-4168-a4a4-458bbfc477a8,998.4,d64dcdb9-4a0c-4885-9ca9-7d6a565b4e8b,"{""ALMACENAMIENTO"":"""",""BODEGA"":""""}",,
Anis estrellado,COCINA,20,gr,3190,1.05,2025-10-02,"{""minimo"":0,""maximo"":0,""actual"":0}",CONDIMENTOS_ESPECIAS_ADITIVOS,,d47a7bff-b274-43de-be52-f24b4bbe616e,174.17,,"{""ALMACENAMIENTO"":"""",""BODEGA"":""""}",,
Tocineta de cerdo Ahumado,COCINA,1000,un,23000,1.05,2025-10-02,"{""minimo"":"""",""maximo"":"""",""actual"":""""}",CARNICO,,d4b37f34-7d6c-40c2-8313-9612d5603d8a,25.12,80d9f3fa-e25b-4dd6-86e5-40dba660b228,"{""ALMACENAMIENTO"":"""",""BODEGA"":""""}",0,OK
Soda Swiper,COCINA,30,un,62500,1.05,2025-10-02,"{""minimo"":""5"",""maximo"":""30"",""actual"":""6""}",BEBIDAS,,d519abaa-ff80-407e-9a7c-56c2e6127016,2275,b0ae9f45-a64e-4ad3-b11f-32eb17986cba,"{""ALMACENAMIENTO"":""REFRIGERACION_BEBIDAS"",""BODEGA"":""CANASTA_INFERIOR_COCINA""}",0,OK
Puerro Crocante,COCINA,250,NaN,42000,1.05,2025-10-02,"{""minimo"":0,""maximo"":0,""actual"":0}",CONDIMENTOS_ESPECIAS_ADITIVOS,,d57df22f-13ef-4724-bc85-3fe68caca757,183.46,,"{""ALMACENAMIENTO"":"""",""BODEGA"":""""}",,
Harina de trigo (Fortificada),COCINA,500,gr,2200,1.05,2025-10-02,"{""minimo"":0,""maximo"":0,""actual"":0}",HARINAS,,d7967890-35c1-43b2-81b9-a20f55caf910,4.8,3f8b3eaf-cfdb-43f7-98bf-ca5b1d3fa75b,"{""ALMACENAMIENTO"":"""",""BODEGA"":""""}",,PC
Pastel Boring Queso Versalles,,1,un,3700,1.05,2025-10-02,"{""minimo"":0,""maximo"":0,""actual"":0}",PANADERIA,[],d8e800e6-80b7-4924-bb66-139718f2d239,4040.4,,"{""ALMACENAMIENTO"":"""",""BODEGA"":""""}",,
Crema de Mani,COCINA,NaN,NaN,NaN,1.05,2025-10-02,"{""minimo"":0,""maximo"":0,""actual"":0}",CONDIMENTOS_ESPECIAS_ADITIVOS,,da33355c-770a-4226-9f06-ee437cf8fadd,,27940d9d-369e-4d0d-84ed-59714451e4c2,"{""ALMACENAMIENTO"":"""",""BODEGA"":""""}",,NA
YEAST DRY,COCINA,80,gr,8100,1.05,2025-10-02,"{""minimo"":0,""maximo"":0,""actual"":0}",CONDIMENTOS_ESPECIAS_ADITIVOS,,dc085abc-8054-4af9-b805-9d842b980651,110.56,,"{""ALMACENAMIENTO"":"""",""BODEGA"":""""}",,
Papel Aluminio,COCINA,100,NaN,30000,1.05,2025-10-02,"{""minimo"":0,""maximo"":0,""actual"":0}",DESECHABLES,,dc2ba3a8-b141-4e7b-975c-6333ff2e2034,327.6,,"{""ALMACENAMIENTO"":"""",""BODEGA"":""""}",,
yeast frash,COCINA,500,gr,5600,1.05,2025-10-02,"{""minimo"":0,""maximo"":0,""actual"":0}",CONDIMENTOS_ESPECIAS_ADITIVOS,,dc7f3815-62c9-481a-ad94-9bd12a2e13a4,12.23,,"{""ALMACENAMIENTO"":"""",""BODEGA"":""""}",,
Fresas,COCINA,500,gr,7000,1.05,2025-10-02,"{""minimo"":0,""maximo"":0,""actual"":0}",VERDURAS_FRUTAS,,dc8cf03b-7cdb-4909-b0b0-92e1c6b15bbf,15.29,f080ad98-583f-49bd-adc3-447e27c727ef,"{""ALMACENAMIENTO"":"""",""BODEGA"":""""}",,OK
TÉ VERDE,,,,,1.05,2025-10-02,"{""minimo"":"""",""maximo"":"""",""actual"":""""}",BEBIDAS,[],dc97285f-1c53-4da6-abd1-f7f043118623,,,"{""ALMACENAMIENTO"":"""",""BODEGA"":""""}",0,OK
Linaza,COCINA,NaN,NaN,NaN,1.05,2025-10-02,"{""minimo"":0,""maximo"":0,""actual"":0}",GRANOS_CEREALES,,dd243b26-f1a9-427b-9d59-f8163176bb01,,,"{""ALMACENAMIENTO"":"""",""BODEGA"":""""}",,OK
Platano Maduro,COCINA,2580,NaN,10700,1.05,2025-10-02,"{""minimo"":0,""maximo"":0,""actual"":0}",VERDURAS_FRUTAS,,de64146e-43a1-47aa-a855-32538c22ce08,4.53,f080ad98-583f-49bd-adc3-447e27c727ef,"{""ALMACENAMIENTO"":"""",""BODEGA"":""""}",,OK
Vaso WAU 12oz trasluc,COCINA,50,un,14370,1.05,2025-10-02,"{""minimo"":0,""maximo"":0,""actual"":0}",DESECHABLES,,df4418dc-3ab8-41fb-8d55-241cc4682091,313.84,,"{""ALMACENAMIENTO"":"""",""BODEGA"":""""}",,
Caja Pizza Cuad 30x30x4,COCINA,5,un,6302,1.05,2025-10-02,"{""minimo"":0,""maximo"":0,""actual"":0}",DESECHABLES,,df74277f-1372-48d0-938c-3a301f1127a1,1376.36,3f8b3eaf-cfdb-43f7-98bf-ca5b1d3fa75b,"{""ALMACENAMIENTO"":"""",""BODEGA"":""""}",,
Arándanos deshidratados,COCINA,500,gr,17950,1.05,2025-10-02,"{""minimo"":"""",""maximo"":"""",""actual"":""""}",GRANOS_CEREALES,[],df7655da-0eec-49f4-b87e-4f5a43736750,39.2,,"{""ALMACENAMIENTO"":"""",""BODEGA"":""""}",0,PC
Queso Holandes,COCINA,250,gr,25000,1.05,2025-10-02,"{""minimo"":0,""maximo"":0,""actual"":0}",LACTEO,,dffd645c-9121-4df7-82e1-cdae6ce37753,109.2,,"{""ALMACENAMIENTO"":"""",""BODEGA"":""""}",,NA
Naranja DesHidratada,CAFE_BEBIDAS,80,gr,10000,1.05,2025-10-02,"{""minimo"":0,""maximo"":0,""actual"":0}",CONDIMENTOS_ESPECIAS_ADITIVOS,,e0dc6027-d0e1-414d-a555-bbe395ab0150,136.5,,"{""ALMACENAMIENTO"":"""",""BODEGA"":""""}",,
BOLSA PAPEL #60,,50,un,24800,1.05,2025-10-02,"{""minimo"":0,""maximo"":0,""actual"":0}",DESECHABLES,[],e2e193c9-fceb-4aa1-9ca7-83d3b7bb7761,541.63,3f8b3eaf-cfdb-43f7-98bf-ca5b1d3fa75b,"{""ALMACENAMIENTO"":"""",""BODEGA"":""""}",,PC
Leche deslactozada,CAFE_BEBIDAS,5400,ml,18690,1.05,2025-10-02,"{""minimo"":"""",""maximo"":"""",""actual"":""""}",LACTEO,,e335c3ee-97b7-474b-8a84-d8fac7030e31,3.78,bf50a92f-d7c4-46c4-97fc-3d674731ed04,"{""ALMACENAMIENTO"":"""",""BODEGA"":""""}",0,OK
Vinagre balsamico,COCINA,250,ml,10000,1.05,2025-10-02,"{""minimo"":0,""maximo"":0,""actual"":0}",CONDIMENTOS_ESPECIAS_ADITIVOS,,e3cb8b70-7af0-4e49-aece-8de97350b48d,43.68,,"{""ALMACENAMIENTO"":"""",""BODEGA"":""""}",,
Vinagre de frutas,COCINA,NaN,NaN,NaN,1.05,2025-10-02,"{""minimo"":0,""maximo"":0,""actual"":0}",CONDIMENTOS_ESPECIAS_ADITIVOS,,e3d91d0d-6dc1-4564-a19c-1e525abb6e1d,,,"{""ALMACENAMIENTO"":"""",""BODEGA"":""""}",,PC
Crema agria,COCINA,400,gr,10950,1.05,2025-10-02,"{""minimo"":0,""maximo"":0,""actual"":0}",LACTEO,,e41c8657-0f86-468a-8e24-3db5b8298093,29.89,3f8b3eaf-cfdb-43f7-98bf-ca5b1d3fa75b,"{""ALMACENAMIENTO"":"""",""BODEGA"":""""}",,NA
Aceite de oliva,COCINA,1000,ml,39940,1.05,2025-10-02,"{""minimo"":"""",""maximo"":"""",""actual"":""""}",CONDIMENTOS_ESPECIAS_ADITIVOS,,e62fe796-9ca2-41a7-a1f0-55d3a9ce99f4,43.61,,"{""ALMACENAMIENTO"":"""",""BODEGA"":""""}",0,
COSTILLA,COCINA,980,gr,22500,1.05,2025-10-02,"{""minimo"":"""",""maximo"":"""",""actual"":""""}",CARNICO,,e727b81c-abe2-4525-b08c-855347be938a,25.07,3f8b3eaf-cfdb-43f7-98bf-ca5b1d3fa75b,"{""ALMACENAMIENTO"":"""",""BODEGA"":""""}",0,NA
Chiles Picantes,,,,,1.05,2025-10-02,"{""minimo"":"""",""maximo"":"""",""actual"":""""}",VERDURAS_FRUTAS,[],e7678df1-ed71-46a9-9438-50f40d67794d,,f080ad98-583f-49bd-adc3-447e27c727ef,"{""ALMACENAMIENTO"":"""",""BODEGA"":""""}",0,PC
Oregano,COCINA,NaN,NaN,NaN,1.05,2025-10-02,"{""minimo"":0,""maximo"":0,""actual"":0}",CONDIMENTOS_ESPECIAS_ADITIVOS,,e7829abe-b198-4594-bfdc-61d70026edb8,,,"{""ALMACENAMIENTO"":"""",""BODEGA"":""""}",,
Levadura Fresca,,500,,6900,1.05,2025-10-02,"{""minimo"":"""",""maximo"":"""",""actual"":""""}",CONDIMENTOS_ESPECIAS_ADITIVOS,[],e7cf2454-12db-44b8-93a3-df6a31b8d777,15.07,3f8b3eaf-cfdb-43f7-98bf-ca5b1d3fa75b,"{""ALMACENAMIENTO"":"""",""BODEGA"":""""}",0,
Huevo,COCINA,30,un,14400,1.05,2025-10-02,"{""minimo"":"""",""maximo"":"""",""actual"":""""}",CARNICO,,e885259a-746a-41b0-8354-5b72f9a837b5,524.16,3f8b3eaf-cfdb-43f7-98bf-ca5b1d3fa75b,"{""ALMACENAMIENTO"":"""",""BODEGA"":""""}",0.0,OK
Vinagre de manzana,COCINA,500,ml,13550,1.05,2025-10-02,"{""minimo"":0,""maximo"":0,""actual"":0}",CONDIMENTOS_ESPECIAS_ADITIVOS,,e9601ff9-806d-4cc0-8966-24ffd00ef5f1,29.59,,"{""ALMACENAMIENTO"":"""",""BODEGA"":""""}",,
Coriandro semilla,COCINA,125,gr,7100,1.05,2025-10-02,"{""minimo"":0,""maximo"":0,""actual"":0}",CONDIMENTOS_ESPECIAS_ADITIVOS,,e9edfd5b-966b-412e-9cd7-57f3bb34aa32,62.03,,"{""ALMACENAMIENTO"":"""",""BODEGA"":""""}",,OK
Cemilla de Mostaza Negra,COCINA,NaN,NaN,NaN,1.05,2025-10-02,"{""minimo"":0,""maximo"":0,""actual"":0}",CONDIMENTOS_ESPECIAS_ADITIVOS,,ea615e07-9512-4dce-af86-aaf2f01fae7b,,,"{""ALMACENAMIENTO"":"""",""BODEGA"":""""}",,OK
Muchacho,,,,,1.05,2025-10-02,"{""minimo"":"""",""maximo"":"""",""actual"":""""}",CARNICO,[],eac2c533-f226-4e90-8252-ad5d9eeb7fb5,,bf50a92f-d7c4-46c4-97fc-3d674731ed04,"{""ALMACENAMIENTO"":"""",""BODEGA"":""""}",0,OK
Servilletas Resto,,50,un,5950,1.05,2025-10-02,"{""minimo"":0,""maximo"":0,""actual"":0}",DESECHABLES,[],ebad1aed-e6d9-4812-a9cf-cc5ffbfa4b03,129.95,3f8b3eaf-cfdb-43f7-98bf-ca5b1d3fa75b,"{""ALMACENAMIENTO"":"""",""BODEGA"":""""}",,OK
Avena Hojuela,,1000,gr,6650,1.05,2025-10-02,"{""minimo"":"""",""maximo"":"""",""actual"":""""}",GRANOS_CEREALES,[],ebda8286-11db-430c-b5e0-c54e05e1dfe6,7.26,3f8b3eaf-cfdb-43f7-98bf-ca5b1d3fa75b,"{""ALMACENAMIENTO"":"""",""BODEGA"":""""}",0,OK
Azucar blanca,COCINA,1000,gr,4850,1.05,2025-10-02,"{""minimo"":0,""maximo"":0,""actual"":0}",CONDIMENTOS_ESPECIAS_ADITIVOS,,ebfef608-1e9f-4229-9c1f-ec7d8d790594,5.3,3f8b3eaf-cfdb-43f7-98bf-ca5b1d3fa75b,"{""ALMACENAMIENTO"":"""",""BODEGA"":""""}",,
Semillas de chia,COCINA,100,gr,5110,1.05,2025-10-02,"{""minimo"":0,""maximo"":0,""actual"":0}",CONDIMENTOS_ESPECIAS_ADITIVOS,,ec3aca5f-62a0-4ea0-a37a-778b95ddf2e4,55.8,,"{""ALMACENAMIENTO"":"""",""BODEGA"":""""}",,
TOCINO BARRIGUERO,COCINA,1000,gr,26600,1.05,2025-10-02,"{""minimo"":"""",""maximo"":"""",""actual"":""""}",CARNICO,,eeaea957-ee62-4c3a-87f3-44cd9de38e46,29.05,bf50a92f-d7c4-46c4-97fc-3d674731ed04,"{""ALMACENAMIENTO"":"""",""BODEGA"":""""}",0,OK
Parmegiano,COCINA,453,gr,35000,1.05,2025-10-02,"{""minimo"":0,""maximo"":0,""actual"":0}",LACTEO,,ef33110e-8deb-4ce7-a3b9-2e3ce35aeed1,84.37,27940d9d-369e-4d0d-84ed-59714451e4c2,"{""ALMACENAMIENTO"":"""",""BODEGA"":""""}",,OK
Cloro - Pato King Gel,,,,,1.05,2025-10-02,"{""minimo"":"""",""maximo"":"""",""actual"":""""}",LIMPIEZA,[],f106a69f-13ae-45ee-93c1-5825abd27bd3,,,"{""ALMACENAMIENTO"":"""",""BODEGA"":""""}",0,
Fecula maiz (maizena),COCINA,720,gr,20690,1.05,2025-10-02,"{""minimo"":0,""maximo"":0,""actual"":0}",HARINAS,,f277032c-ad99-42aa-97ce-504c725498e9,31.38,3f8b3eaf-cfdb-43f7-98bf-ca5b1d3fa75b,"{""ALMACENAMIENTO"":"""",""BODEGA"":""""}",,OK
Chile Hojelas,COCINA,NaN,NaN,NaN,1.05,2025-10-02,"{""minimo"":0,""maximo"":0,""actual"":0}",CONDIMENTOS_ESPECIAS_ADITIVOS,,f28d8b6f-1ba5-404e-9d09-37044a890ce3,,,"{""ALMACENAMIENTO"":"""",""BODEGA"":""""}",,OK
Miel de abeja,CAFE_BEBIDAS,500,NaN,18850,1.05,2025-10-02,"{""minimo"":"""",""maximo"":"""",""actual"":""""}",CONDIMENTOS_ESPECIAS_ADITIVOS,,f37b23a5-bac9-4e89-8dc1-87d516ab5cb9,41.17,3f8b3eaf-cfdb-43f7-98bf-ca5b1d3fa75b,"{""ALMACENAMIENTO"":"""",""BODEGA"":""""}",0,
Pasta plana,COCINA,250,gr,4950,1.05,2025-10-02,"{""minimo"":"""",""maximo"":"""",""actual"":""""}",HARINAS,,f514d3e9-79c7-43c0-b52d-6cf32f2cc895,21.62,3f8b3eaf-cfdb-43f7-98bf-ca5b1d3fa75b,"{""ALMACENAMIENTO"":"""",""BODEGA"":""""}",0,OK
Zanahoria,COCINA,1000,gr,2140,1.05,2025-10-02,"{""minimo"":0,""maximo"":0,""actual"":0}",VERDURAS_FRUTAS,,f6d7369b-9595-4c38-b505-17b5f0e0ab81,2.34,f080ad98-583f-49bd-adc3-447e27c727ef,"{""ALMACENAMIENTO"":"""",""BODEGA"":""""}",,PC
Lata tomates pelados,COCINA,2890,gr,24900,1.05,2025-10-02,"{""minimo"":0,""maximo"":0,""actual"":0}",ENLATADOS,,f7db9af6-8ea1-4bcc-8b98-6516d7a87999,9.41,,"{""ALMACENAMIENTO"":"""",""BODEGA"":""""}",,
Piña Oro miel,COCINA,2000,gr,9800,1.05,2025-10-02,"{""minimo"":0,""maximo"":0,""actual"":0}",VERDURAS_FRUTAS,,f8df28f8-b71d-404e-bbc3-6aa77e04b786,5.35,f080ad98-583f-49bd-adc3-447e27c727ef,"{""ALMACENAMIENTO"":"""",""BODEGA"":""""}",,PC
Arveja,,,,,1.05,2025-10-02,"{""minimo"":"""",""maximo"":"""",""actual"":""""}",VERDURAS_FRUTAS,[],f94caa82-012b-4977-8e72-dc2665adb4a6,,,"{""ALMACENAMIENTO"":"""",""BODEGA"":""""}",0,PC
Azucar Papeleta,CAFE_BEBIDAS,200,un,6500,1.05,2025-10-02,"{""minimo"":0,""maximo"":0,""actual"":0}",DESECHABLES,,f9bc7971-3120-46d6-b966-866bfb4f6b41,35.49,,"{""ALMACENAMIENTO"":"""",""BODEGA"":""""}",,OK
Salsa de soya,COCINA,1000,NaN,21250,1.05,2025-10-02,"{""minimo"":"""",""maximo"":"""",""actual"":""""}",CONDIMENTOS_ESPECIAS_ADITIVOS,,fa9594dc-c450-48de-b055-d4ab7c8ac30f,23.21,3f8b3eaf-cfdb-43f7-98bf-ca5b1d3fa75b,"{""ALMACENAMIENTO"":"""",""BODEGA"":""""}",0,OK
Coca Cola Normal 400 ml,,12,un,30000,1.05,2025-10-02,"{""minimo"":""6"",""maximo"":""24"",""actual"":""6""}",BEBIDAS,[],fe275320-de63-4fd7-9199-5e4ad19332a3,2730,b0ae9f45-a64e-4ad3-b11f-32eb17986cba,"{""ALMACENAMIENTO"":""REFRIGERACION_BEBIDAS"",""BODEGA"":""""}",0,OK