_id,forId,rendimiento,costo,emplatado,autor,revisor,nota1,nota2,nota3,nota4,nota5,nota6,nota7,nota8,nota9,nota10,actualizacion,proces1,proces2,proces3,proces4,proces5,proces6,proces7,proces8,proces9,proces10,proces11,proces12,proces13,proces14,proces15,proces16,proces17,proces18,proces19,proces20,item1_Id,item1_Cuantity_Units,item2_Id,item2_Cuantity_Units,item3_Id,item3_Cuantity_Units,item4_Id,item4_Cuantity_Units,item5_Id,item5_Cuantity_Units,item6_Id,item6_Cuantity_Units,item7_Id,item7_Cuantity_Units,item8_Id,item8_Cuantity_Units,item9_Id,item9_Cuantity_Units,item10_Id,item10_Cuantity_Units,item11_Id,item11_Cuantity_Units,item12_Id,item12_Cuantity_Units,item13_Id,item13_Cuantity_Units,item14_Id,item14_Cuantity_Units,item15_Id,item15_Cuantity_Units,item16_Id,item16_Cuantity_Units,item17_Id,item17_Cuantity_Units,item18_Id,item18_Cuantity_Units,item19_Id,item19_Cuantity_Units,item20_Id,item20_Cuantity_Units,item21_Id,item21_Cuantity_Units,item22_Id,item22_Cuantity_Units,item23_Id,item23_Cuantity_Units,item24_Id,item24_Cuantity_Units,item25_Id,item25_Cuantity_Units,item26_Id,item26_Cuantity_Units,item27_Id,item27_Cuantity_Units,item28_Id,item28_Cuantity_Units,item29_Id,item29_Cuantity_Units,item30_Id,item30_Cuantity_Units,producto_interno1_Id,producto_interno1_Cuantity_Units,producto_interno2_Id,producto_interno2_Cuantity_Units,producto_interno3_Id,producto_interno3_Cuantity_Units,producto_interno4_Id,producto_interno4_Cuantity_Units,producto_interno5_Id,producto_interno5_Cuantity_Units,producto_interno6_Id,producto_interno6_Cuantity_Units,producto_interno7_Id,producto_interno7_Cuantity_Units,producto_interno8_Id,producto_interno8_Cuantity_Units,producto_interno9_Id,producto_interno9_Cuantity_Units,producto_interno10_Id,producto_interno10_Cuantity_Units,producto_interno11_Id,producto_interno11_Cuantity_Units,producto_interno12_Id,producto_interno12_Cuantity_Units,producto_interno13_Id,producto_interno13_Cuantity_Units,producto_interno14_Id,producto_interno14_Cuantity_Units,producto_interno15_Id,producto_interno15_Cuantity_Units,producto_interno16_Id,producto_interno16_Cuantity_Units,producto_interno17_Id,producto_interno17_Cuantity_Units,producto_interno18_Id,producto_interno18_Cuantity_Units,producto_interno19_Id,producto_interno19_Cuantity_Units,producto_interno20_Id,producto_interno20_Cuantity_Units,legacyName,precioUnitario,UNIDADES,ProcessTime
02352761-63f5-4029-a569-4cb07d534dc8,cf554caf-dfcb-4edb-a935-81d1f830d962,"{""porcion"":"""",""cantidad"":"""",""unidades"":""""}",,,Autor por defecto,Revisor por defecto,,,,,,,,,,,2025-02-06,"En una olla grande, añadir la leche y la harina, empezar a cocinar a fuego medio-alto batiendo constantemente con batidor de globo ","Al empezar a espesar poner el fuego medio-bajo y cambiar el batidor a una espátula asegurándose que no queden residuos en el fondo para evitar que se quemen y ahúmen la mezcla ","Dejar hasta ebullición o formación de burbujas y bajar del fuego, pasar la mezcla a una bandeja plana y esparcir ","Se lleva la bandeja a la nevera y estará lista una vez que tenga una consistencia gelatinosa y pueda despegarse sola de la bandeja ",,,,,,,,,,,,,,,,,d7967890-35c1-43b2-81b9-a20f55caf910,"{""metric"":{""cuantity"":""150"",""units"":""gr""}}",7b9e1e0b-d5d4-4853-8142-44b520be00c2,"{""metric"":{""cuantity"":""720"",""units"":""ml""}}",,,,,,,,,,,,,,,,,,,,,,,,,,,,,,,,,,,,,,,,,,,,,,,,,,,,,,,,,,,,,,,,,,,,,,,,,,,,,,,,,,,,,,,,,,,,,,,,,Zhnag Yhong,,,
044bbdb5-1b84-42c6-b452-d19848c659ce,0cef00d3-5e33-4ed6-a41f-7f29ca5bf9a2,"{""porcion"":"""",""cantidad"":"""",""unidades"":""""}",,,Autor por defecto,Revisor por defecto,,,,,,,,,,,2025-08-18,,,,,,,,,,,,,,,,,,,,,ceca9f13-2696-46b2-867e-0f25fd9c5500,"{""metric"":{""cuantity"":""2500"",""units"":""gr""}}",a8657a77-dfbb-485f-a753-935a15e7d795,"{""metric"":{""cuantity"":""50"",""units"":""gr""}}",11cb13d3-eb12-415c-93d6-89a0e3c20104,"{""metric"":{""cuantity"":""50"",""units"":""gr""}}",a8546963-486f-4e3a-86db-6d8011561a1d,"{""metric"":{""cuantity"":""50"",""units"":""gr""}}",6ea51224-266d-4bde-b882-5c0b2b095b7f,"{""metric"":{""cuantity"":""30"",""units"":""gr""}}",c4bd69ae-4872-49db-b2e5-7f514b40175d,"{""metric"":{""cuantity"":""5"",""units"":""gr""}}",,,,,,,,,,,,,,,,,,,,,,,,,,,,,,,,,,,,,,,,,,,,,,,,,02690850-49f9-44fe-932b-e96291ede1a0,"{""metric"":{""cuantity"":""100"",""units"":""gr""}}",,,,,,,,,,,,,,,,,,,,,,,,,,,,,,,,,,,,,,,Cañón relleno de frutos secos,,,
09954c8e-1948-43b2-bf8c-638386f97ae7,7e3d6cdb-e0a9-41f5-a096-f42f6cdebb9e,"{""porcion"":"""",""cantidad"":"""",""unidades"":""""}",,,Autor por defecto,Revisor por defecto,,,,,,,,,,,2025-03-07,,,,,,,,,,,,,,,,,,,,,629b5d23-89e7-414d-abc9-2021781fab2f,"{""metric"":{""cuantity"":""600"",""units"":""gr""}}",2c8c89ed-3f0d-4a1d-a6a4-36c1f2c3fc3d,"{""metric"":{""cuantity"":""0.25"",""units"":""li""}}",39ae2d90-e97d-4e25-8d63-817d3a7c3f3c,"{""metric"":{""cuantity"":""1250"",""units"":""ml""}}",,,,,,,,,,,,,,,,,,,,,,,,,,,,,,,,,,,,,,,,,,,,,,,,,,,,,,,,,,,,,,,,,,,,,,,,,,,,,,,,,,,,,,,,,,,,,,,Cebolla Encurtida,,,
0ddbc35e-8e86-4a86-9dd0-d8203e9a4b11,2a834f55-1e6b-415c-bad4-34215dec37ab,"{""porcion"":"""",""cantidad"":"""",""unidades"":""""}",,,Autor por defecto,Revisor por defecto,,,,,,,,,,,2025-08-17,,,,,,,,,,,,,,,,,,,,,287ed2a7-cd85-4b7d-a3a1-745d5da074aa,"{""metric"":{""cuantity"":""1000"",""units"":""NaN""}}",2c8c89ed-3f0d-4a1d-a6a4-36c1f2c3fc3d,"{""metric"":{""cuantity"":""5"",""units"":""li""}}",503f05fa-fc9b-4618-9824-b0c4b7cf65ef,"{""metric"":{""cuantity"":""3000"",""units"":""gr""}}",,,,,,,,,,,,,,,,,,,,,,,,,,,,,,,,,,,,,,,,,,,,,,,,,,,,,,,,,,,,,,,,,,,,,,,,,,,,,,,,,,,,,,,,,,,,,,,Jugo Almuerzo,,,
0e09267a-97ae-409f-9588-a48eff42ee75,2e5c8f24-ed69-4f2f-a388-4a28c5ad3307,"{""porcion"":"""",""cantidad"":"""",""unidades"":""""}",,,Autor por defecto,Revisor por defecto,,,,,,,,,,,2025-01-27,,,,,,,,,,,,,,,,,,,,,7b9e1e0b-d5d4-4853-8142-44b520be00c2,"{""metric"":{""cuantity"":""500"",""units"":""ml""}}",,"{""metric"":{""cuantity"":""50"",""units"":""ml""}}",,,,,,,,,,,,,,,,,,,,,,,,,,,,,,,,,,,,,,,,,,,,,,,,,,,,,,,,,,,,,,,,,,,,,,,,,,,,,,,,,,,,,,,,,,,,,,,,,Leche Cortada,,,
106df8a6-600e-4c4f-9061-9624d30c2672,533b3931-b286-410e-9c7a-a8742ba41737,"{""porcion"":"""",""cantidad"":"""",""unidades"":""""}",,,Autor por defecto,Revisor por defecto,,,,,,,,,,,2025-08-18,,,,,,,,,,,,,,,,,,,,,3af52444-529d-403e-ba53-0a6226043b18,"{""metric"":{""cuantity"":""3000"",""units"":""gr""}}",c68e02b0-6f86-409b-b92f-6b9389f98c79,"{""metric"":{""cuantity"":""400"",""units"":""gr""}}",f6d7369b-9595-4c38-b505-17b5f0e0ab81,"{""metric"":{""cuantity"":""198"",""units"":""gr""}}",27ceb302-4860-4530-91ed-4db48f4255a7,"{""metric"":{""cuantity"":""150"",""units"":""gr""}}",454c13b9-f64b-40e7-87bb-3dc8d7ee461c,"{""metric"":{""cuantity"":""35"",""units"":""gr""}}",e9601ff9-806d-4cc0-8966-24ffd00ef5f1,"{""metric"":{""cuantity"":""60"",""units"":""ml""}}",2c8c89ed-3f0d-4a1d-a6a4-36c1f2c3fc3d,"{""metric"":{""cuantity"":""6"",""units"":""li""}}",c4bd69ae-4872-49db-b2e5-7f514b40175d,"{""metric"":{""cuantity"":""7"",""units"":""gr""}}",abab507d-161f-42b0-b372-33214d15be2f,"{""metric"":{""cuantity"":""3"",""units"":""NaN""}}",7af1d4b4-3cbe-4aad-9555-637ffe722a0d,"{""metric"":{""cuantity"":""5"",""units"":""NaN""}}",a2a3dc1a-34cc-4d7b-9fbc-8d61b7e2068b,"{""metric"":{""cuantity"":""60"",""units"":""gr""}}",,,,,,,,,,,,,,,,,,,,,,,,,,,,,,,,,,,,,,,,,,,,,,,,,,,,,,,,,,,,,,,,,,,,,,,,,,,,,,,Caldo de Carne,,,
11f19d51-105a-4a1f-a848-30fa46cf22b5,fb27f80d-2df5-40d9-8837-b390c1b07df0,"{""porcion"":"""",""cantidad"":"""",""unidades"":""""}",,,Autor por defecto,Revisor por defecto,,,,,,,,,,,2025-01-21,,,,,,,,,,,,,,,,,,,,,7b9e1e0b-d5d4-4853-8142-44b520be00c2,"{""metric"":{""cuantity"":""1700"",""units"":""ml""}}",21b4dd2f-13eb-41af-a531-6a2f3b3bfb82,"{""metric"":{""cuantity"":""240"",""units"":""ml""}}",6ea51224-266d-4bde-b882-5c0b2b095b7f,"{""metric"":{""cuantity"":""10"",""units"":""NaN""}}",,"{""metric"":{""cuantity"":""75"",""units"":""ml""}}",,,,,,,,,,,,,,,,,,,,,,,,,,,,,,,,,,,,,,,,,,,,,,,,,,,,,,,,,,,,,,,,,,,,,,,,,,,,,,,,,,,,,,,,,,,,,Queso Ricotta,,,
202999b9-98bc-44c4-b49a-a1fd33534daf,94a61874-3a91-457e-b0e4-d9b49da5e6c3,"{""porcion"":"""",""cantidad"":"""",""unidades"":""""}",,,Autor por defecto,Revisor por defecto,,,,,,,,,,,2025-08-19,,,,,,,,,,,,,,,,,,,,,10dae854-9027-4b52-8530-afe73d637480,"{""metric"":{""cuantity"":""1000"",""units"":""gr""}}",21b4dd2f-13eb-41af-a531-6a2f3b3bfb82,"{""metric"":{""cuantity"":""100"",""units"":""ml""}}",746d4f86-bde8-46a7-a582-e6dc4d4b38e4,"{""metric"":{""cuantity"":""150"",""units"":""gr""}}",a91ad977-7e06-438c-be13-81f186d83215,"{""metric"":{""cuantity"":""5"",""units"":""gr""}}",5cf218d4-0c47-4748-bae1-958902140c31,"{""metric"":{""cuantity"":""5"",""units"":""gr""}}",1de141db-86c1-44c3-afa3-c391e641321c,"{""metric"":{""cuantity"":""10"",""units"":""gr""}}",c4bd69ae-4872-49db-b2e5-7f514b40175d,"{""metric"":{""cuantity"":""5"",""units"":""gr""}}",291c4af0-a23a-4d03-9c87-fe56f16eb600,"{""metric"":{""cuantity"":""1"",""units"":""gr""}}",,,,,,,,,,,,,,,,,,,,,,,,,,,,,,,,,,,,,,,,,,,,,,,,,,,,,,,,,,,,,,,,,,,,,,,,,,,,,,,,,,,,,Pure de papa,,,
2a410360-7931-4f2e-9c8c-cd38bcdcbeaa,2902683e-275f-4f09-9a1d-b41c70a03f66,"{""porcion"":"""",""cantidad"":""1800"",""unidades"":""ml""}",,,Autor por defecto,Revisor por defecto,,,,,,,,,,,2025-07-02,Moler 190 g el café Vega en molienda molienda gruesa.,"Buscar un filtro fino de tela y purgarlo con agua caliente, para retirar impurezas y temperarlo.","Verter el café molido dentro del filtro previamente purgado, realizar una pre infusión con agua caliente con 400 ml y durante 20 minutos.","Después de la preinfusión, verter el restante de los 2L de agua (agua fría).","Finalmente, dejarlo extraer por 24 h en un lugar seco y con poca luz. ",,,,,,,,,,,,,,,,789b3603-5bac-4a97-9afa-9a57a4cf42ff,"{""metric"":{""cuantity"":""190"",""units"":""gr""}}",2c8c89ed-3f0d-4a1d-a6a4-36c1f2c3fc3d,"{""metric"":{""cuantity"":""2"",""units"":""li""}}",,,,,,,,,,,,,,,,,,,,,,,,,,,,,,,,,,,,,,,,,,,,,,,,,,,,,,,,,,,,,,,,,,,,,,,,,,,,,,,,,,,,,,,,,,,,,,,,,COLD BREW BASE,,ml,
348528e4-69b6-4939-9320-97a2919e36e8,64b3992f-e9a3-419d-970f-2ec9d1c3c5b2,"{""porcion"":"""",""cantidad"":"""",""unidades"":""""}",,,Autor por defecto,Revisor por defecto,,,,,,,,,,,2025-02-18,,,,,,,,,,,,,,,,,,,,,1370a860-f736-4ba1-9a2a-512e05dec5d4,"{""metric"":{""cuantity"":""907"",""units"":""gr""}}",ebfef608-1e9f-4229-9c1f-ec7d8d790594,"{""metric"":{""cuantity"":""300"",""units"":""gr""}}",e885259a-746a-41b0-8354-5b72f9a837b5,"{""metric"":{""cuantity"":""6"",""units"":""un""}}",21b4dd2f-13eb-41af-a531-6a2f3b3bfb82,"{""metric"":{""cuantity"":""480"",""units"":""ml""}}",6ea51224-266d-4bde-b882-5c0b2b095b7f,"{""metric"":{""cuantity"":""6"",""units"":""gr""}}",27fff81a-e6c0-468a-aaed-d2e1c5aa0fa0,"{""metric"":{""cuantity"":""4"",""units"":""ml""}}",1742cfce-a9f8-4ad3-b616-d760e1b70be1,"{""metric"":{""cuantity"":""42"",""units"":""gr""}}",,,,,,,,,,,,,,,,,,,,,,,,,,,,,,,,,,,,,,,,,,,,,,,,,,,,,,,,,,,,,,,,,,,,,,,,,,,,,,,,,,,,,,,Cheese Cake Basco,,,
44f7f9c2-8c3e-4808-a3f1-f284f671d23e,3f738377-e48e-4dcc-aebc-2e67b40a3157,"{""porcion"":"""",""cantidad"":"""",""unidades"":""""}",,,Autor por defecto,Revisor por defecto,,,,,,,,,,,2025-05-03,,,,,,,,,,,,,,,,,,,,,,,,,,,,,,,,,,,,,,,,,,,,,,,,,,,,,,,,,,,,,,,,,,,,,,,,,,,,,,,,,02690850-49f9-44fe-932b-e96291ede1a0,"{""metric"":{""cuantity"":""480"",""units"":""gr""}}",65b390c5-3395-4505-b981-16e885ca2856,"{""metric"":{""cuantity"":""350"",""units"":""gr""}}",,,,,,,,,,,,,,,,,,,,,,,,,,,,,,,,,,,,,Pie de Manzana Completo,,,
5f566a87-019d-4eea-9d91-e935e313f9ee,c36fac2e-1e6c-405b-857a-07dc96181ba4,"{""porcion"":"""",""cantidad"":"""",""unidades"":""""}",,,Autor por defecto,Revisor por defecto,,,,,,,,,,,2025-01-29,,,,,,,,,,,,,,,,,,,,,746d4f86-bde8-46a7-a582-e6dc4d4b38e4,"{""metric"":{""cuantity"":""14"",""units"":""gr""}}",1742cfce-a9f8-4ad3-b616-d760e1b70be1,"{""metric"":{""cuantity"":""360"",""units"":""gr""}}",ebfef608-1e9f-4229-9c1f-ec7d8d790594,"{""metric"":{""cuantity"":""603"",""units"":""gr""}}",a80d58f3-b569-4dc6-bd9f-1e1202f66d9e,"{""metric"":{""cuantity"":""142"",""units"":""gr""}}",c0fb6117-783d-4c7f-ab7e-decee06b82fb,"{""metric"":{""cuantity"":""9.2"",""units"":""gr""}}",6ea51224-266d-4bde-b882-5c0b2b095b7f,"{""metric"":{""cuantity"":""6.1"",""units"":""gr""}}",e885259a-746a-41b0-8354-5b72f9a837b5,"{""metric"":{""cuantity"":""4"",""units"":""un""}}",ba61c4e0-54cb-4b6e-a892-ac964e518c80,"{""metric"":{""cuantity"":""118"",""units"":""ml""}}",,,,,,,,,,,,,,,,,,,,,,,,,,,,,,,,,,,,,,,,,,,,,78ccabc2-4a2c-4626-b4e0-b767dab95cf5,"{""metric"":{""cuantity"":""341"",""units"":""NaN""}}",,,,,,,,,,,,,,,,,,,,,,,,,,,,,,,,,,,,,,,Torta de Chocolate Bruce,,,
5fba19b6-59de-48e6-b299-4c2a15ec11d4,cdad3871-12fd-4506-b362-7279ccda40bb,"{""porcion"":"""",""cantidad"":"""",""unidades"":""""}",,,Autor por defecto,Revisor por defecto,,,,,,,,,,,2025-08-18,,,,,,,,,,,,,,,,,,,,,e62fe796-9ca2-41a7-a1f0-55d3a9ce99f4,"{""metric"":{""cuantity"":""60"",""units"":""ml""}}",c68e02b0-6f86-409b-b92f-6b9389f98c79,"{""metric"":{""cuantity"":""900"",""units"":""gr""}}",746d4f86-bde8-46a7-a582-e6dc4d4b38e4,"{""metric"":{""cuantity"":""30"",""units"":""gr""}}",291c4af0-a23a-4d03-9c87-fe56f16eb600,"{""metric"":{""cuantity"":""1"",""units"":""gr""}}",7af1d4b4-3cbe-4aad-9555-637ffe722a0d,"{""metric"":{""cuantity"":""5"",""units"":""NaN""}}",abab507d-161f-42b0-b372-33214d15be2f,"{""metric"":{""cuantity"":""1"",""units"":""NaN""}}",a2a3dc1a-34cc-4d7b-9fbc-8d61b7e2068b,"{""metric"":{""cuantity"":""10"",""units"":""gr""}}",1de141db-86c1-44c3-afa3-c391e641321c,"{""metric"":{""cuantity"":""18"",""units"":""gr""}}",c4bd69ae-4872-49db-b2e5-7f514b40175d,"{""metric"":{""cuantity"":""1"",""units"":""gr""}}",3bcae7a0-7215-4825-ae98-303421c519ec,"{""metric"":{""cuantity"":""175"",""units"":""ml""}}",1370a860-f736-4ba1-9a2a-512e05dec5d4,"{""metric"":{""cuantity"":""225"",""units"":""gr""}}",,,,,,,,,,,,,,,,,,,,,,,,,,,,,,,,,,,,,,,24bb7c6d-9dbe-48de-a612-8639f27e1aa8,"{""metric"":{""cuantity"":""150"",""units"":""gr""}}",533b3931-b286-410e-9c7a-a8742ba41737,"{""metric"":{""cuantity"":""1500"",""units"":""ml""}}",,,,,,,,,,,,,,,,,,,,,,,,,,,,,,,,,,,,,"Sopa de cebolla francesa ",,,
6130f1e8-4d83-433e-9abb-784e5ebeac37,872383c2-cb52-456f-bdc9-9c62442c3692,"{""porcion"":"""",""cantidad"":"""",""unidades"":""""}",,,Autor por defecto,Revisor por defecto,,,,,,,,,,,2025-01-28,"Bertir los ingredientes en una olla muy grande , los suficiente para que la mantequilla pueda espumar sin regarse ","Calentar fuego medio alto  revolviendo cada 5mimjtoa para asegurar un tueste  homogéneo ",,,,,,,,,,,,,,,,,,,a8657a77-dfbb-485f-a753-935a15e7d795,"{""metric"":{""cuantity"":""250"",""units"":""gr""}}",5fe7355b-0e2d-4f84-ab28-854cabecd6cb,"{""metric"":{""cuantity"":""250"",""units"":""NaN""}}",746d4f86-bde8-46a7-a582-e6dc4d4b38e4,"{""metric"":{""cuantity"":""500"",""units"":""gr""}}",,,,,,,,,,,,,,,,,,,,,,,,,,,,,,,,,,,,,,,,,,,,,,,,,,,,,,,,,,,,,,,,,,,,,,,,,,,,,,,,,,,,,,,,,,,,,,,"Nueces Tostadas en Mantequilla ",,,
61b62b81-3b62-4d54-9b2b-66487f2feb40,d7d01528-ee4a-4762-ab9c-d0b48639ff2f,"{""porcion"":"""",""cantidad"":"""",""unidades"":""""}",,,Autor por defecto,Revisor por defecto,,,,,,,,,,,2025-08-19,"Usando guantes y con cuidado de no tocar la cara u otras áreas sensibles, quitarle el tallo y las semillas a los chiles.",Preparar los demás ingredientes cortados en troncos gruesos.,"Preparar la salmuera uniendo la sal, el azúcar , el agua y las demás especias en él frasco, separando la mitad del líquido antes de poner los chiles y los otros ingredientes,  para terminar de llenar ","Tapar bien pero eructando todos los días hasta, durante aproximadamente 2 semanas ",,,,,,,,,,,,,,,,,e7678df1-ed71-46a9-9438-50f40d67794d,"{""metric"":{""cuantity"":""225"",""units"":null}}",56f914cc-2889-483d-876d-9bf5898f7d73,"{""metric"":{""cuantity"":""700"",""units"":null}}",a2a3dc1a-34cc-4d7b-9fbc-8d61b7e2068b,"{""metric"":{""cuantity"":""180"",""units"":""gr""}}",98512cf7-5a91-4d50-8dbb-ceec70f6bb64,"{""metric"":{""cuantity"":""4"",""units"":""gr""}}",c4bd69ae-4872-49db-b2e5-7f514b40175d,"{""metric"":{""cuantity"":""9"",""units"":""gr""}}",1de141db-86c1-44c3-afa3-c391e641321c,"{""metric"":{""cuantity"":""180"",""units"":""gr""}}",ebfef608-1e9f-4229-9c1f-ec7d8d790594,"{""metric"":{""cuantity"":""160"",""units"":""gr""}}",2c8c89ed-3f0d-4a1d-a6a4-36c1f2c3fc3d,"{""metric"":{""cuantity"":""3"",""units"":""li""}}",629b5d23-89e7-414d-abc9-2021781fab2f,"{""metric"":{""cuantity"":""300"",""units"":""gr""}}",22b81ee3-356c-4770-8799-f81a7a536ad9,"{""metric"":{""cuantity"":""100"",""units"":""gr""}}",,,,,,,,,,,,,,,,,,,,,,,,,,,,,,,,,,,,,,,,,,,,,,,,,,,,,,,,,,,,,,,,,,,,,,,,,,,,,,,,,Salsa Picante Lactofementada,,,
66224264-c392-44a6-b4f9-14e92a23b76f,dece5372-21d1-41b2-b53e-5fa30aebe67f,"{""porcion"":""12"",""cantidad"":""12"",""unidades"":""un""}",,,Autor por defecto,Revisor por defecto,,,,,,,,,,,2025-08-11,"Derretir la mantequilla en una olla grande, una vez derretida pero sin espumar , apagar y dejar enfriar",Unir todos los ingredientes secos en un bowl y revolver para tener una mezcla homogénea,Con la mantequilla a temperatura ambiente revolver todos los ingredientes hasta que todos los secos queden bien hidratados.,,,,,,,,,,,,,,,,,,1c380f12-f343-4cca-b6a0-f2622f478ce4,"{""metric"":{""cuantity"":""8"",""units"":""gr""}}",0f2ddb36-2b70-4845-8c57-e8a142829afa,"{""metric"":{""cuantity"":""50"",""units"":""gr""}}",ba9fb4d5-99bf-4911-b9dc-ad7c7576c8f7,"{""metric"":{""cuantity"":""100"",""units"":""gr""}}",746d4f86-bde8-46a7-a582-e6dc4d4b38e4,"{""metric"":{""cuantity"":""59"",""units"":""gr""}}",,,,,,,,,,,,,,,,,,,,,,,,,,,,,,,,,,,,,,,,,,,,,,,,,,,,,,,,,,,,,,,,,,,,,,,,,,,,,,,,,,,,,,,,,,,,,Relleno Rollo de Canela,,un,2
67c5b32c-e86b-499d-9cf4-ee29f8435f72,c4bae2d2-11be-4680-8712-c3125c7b1537,"{""porcion"":"""",""cantidad"":"""",""unidades"":""""}",,,Autor por defecto,Revisor por defecto,,,,,,,,,,,2025-02-02,"Verter el agua, el vinagre y el azúcar en una olla grande y sin devolver, dejar cocinar a fuego medio alto con la tapa puesta","Pasados 10 minutos revolver no más de 5 a 10 segundos para homogeneizar la mezcla y hacer esto cada 10 minutos ","Cuando la mezcla empiece a tornarse ámbar en las esquinas , revolver hasta que toda la mezcla obtenga el color deseado y cambiar el calor a bajo bajo.","Agregar la mantequilla de manera gradual en cubos, y revolver hasta homogeneizar ","Luego agregar la crema de leche y la sal y revolver hasta obtener la consistencia deseada ","Dejar enfriar por lo menos 20 minutos en la olla, para evitar accidentes, dado que la mezcla es muy caliente y dañina para la piel, una vez reposado se puede transferir a un frasco de vidrio con tapa debidamente etiquetado.",,,,,,,,,,,,,,,ebfef608-1e9f-4229-9c1f-ec7d8d790594,"{""metric"":{""cuantity"":""400"",""units"":""gr""}}",2c8c89ed-3f0d-4a1d-a6a4-36c1f2c3fc3d,"{""metric"":{""cuantity"":""0.12"",""units"":""li""}}",39ae2d90-e97d-4e25-8d63-817d3a7c3f3c,"{""metric"":{""cuantity"":""15"",""units"":""NaN""}}",746d4f86-bde8-46a7-a582-e6dc4d4b38e4,"{""metric"":{""cuantity"":""80"",""units"":""gr""}}",21b4dd2f-13eb-41af-a531-6a2f3b3bfb82,"{""metric"":{""cuantity"":""240"",""units"":""ml""}}",1de141db-86c1-44c3-afa3-c391e641321c,"{""metric"":{""cuantity"":""3"",""units"":""gr""}}",,,,,,,,,,,,,,,,,,,,,,,,,,,,,,,,,,,,,,,,,,,,,,,,,,,,,,,,,,,,,,,,,,,,,,,,,,,,,,,,,,,,,,,,,Caramelo,,,
6957bf1f-4748-4fc0-8dac-5a03b4a5bbc9,b4c5fab7-4243-469b-93df-3dd1b38b14f9,"{""porcion"":""2,5"",""cantidad"":""2100"",""unidades"":""Gr""}",,,Autor por defecto,Revisor por defecto,,,,,,,,,,,2025-03-06,,,,,,,,,,,,,,,,,,,,,2124a1a6-35b1-4440-9703-5c125181e6ad,"{""metric"":{""cuantity"":""446"",""units"":""gr""}}",746d4f86-bde8-46a7-a582-e6dc4d4b38e4,"{""metric"":{""cuantity"":""892"",""units"":""gr""}}",a35685c0-c6fb-4992-b446-0150f0888acb,"{""metric"":{""cuantity"":""315"",""units"":null}}",5b893f29-cbc2-493a-8d94-284091fce359,"{""metric"":{""cuantity"":""0"",""units"":""gr""}}",,,,,,,,,,,,,,,,,,,,,,,,,,,,,,,,,,,,,,,,,,,,,,,,,,,,,78ccabc2-4a2c-4626-b4e0-b767dab95cf5,"{""metric"":{""cuantity"":""446"",""units"":""NaN""}}",,,,,,,,,,,,,,,,,,,,,,,,,,,,,,,,,,,,,,,Yogurt ButterCream,,Gr,
7046980a-98d7-4365-bb69-3c7fa100c43e,d3c23ce6-667b-4548-8674-1905524d5ded,"{""porcion"":"""",""cantidad"":"""",""unidades"":""""}",,,Autor por defecto,Revisor por defecto,,,,,,,,,,,2025-08-17,,,,,,,,,,,,,,,,,,,,,eeaea957-ee62-4c3a-87f3-44cd9de38e46,"{""metric"":{""cuantity"":""5000"",""units"":""gr""}}",ba61c4e0-54cb-4b6e-a892-ac964e518c80,"{""metric"":{""cuantity"":""250"",""units"":""ml""}}",6ea51224-266d-4bde-b882-5c0b2b095b7f,"{""metric"":{""cuantity"":""49"",""units"":""gr""}}",,,,,,,,,,,,,,,,,,,,,,,,,,,,,,,,,,,,,,,,,,,,,,,,,,,,,,,,,,,,,,,,,,,,,,,,,,,,,,,,,,,,,,,,,,,,,,,Tocino Frito Cazuela,,,
7381a721-6038-4777-b155-8187f8b74dde,7cc65031-8221-444a-a548-5000e6d30aec,"{""porcion"":""1"",""cantidad"":""1"",""unidades"":""LITRO""}",,,Autor por defecto,Revisor por defecto,,,,,,,,,,,2025-01-16,Juntar todos los ingredientes en una olla.,"Integrarlos primero en frio, para lograr una base más estable.",Después llevarlos al fuego hasta que la mezcla comience a llegar a punto de ebullición.,"Una vez en punto de ebullición, bajar el fuego al mínimo por 15 m.","Dejar enfriar, envasar y marcar.",El tarro grande se guarda en el enfriador y el tarro chiquito en la sección de especias de la zona de cafés.,,,,,,,,,,,,,,,2c8c89ed-3f0d-4a1d-a6a4-36c1f2c3fc3d,"{""metric"":{""cuantity"":""1"",""units"":""li""}}",ebfef608-1e9f-4229-9c1f-ec7d8d790594,"{""metric"":{""cuantity"":""250"",""units"":""gr""}}",27fff81a-e6c0-468a-aaed-d2e1c5aa0fa0,"{""metric"":{""cuantity"":""50"",""units"":""NaN""}}",,,,,,,,,,,,,,,,,,,,,,,,,,,,,,,,,,,,,,,,,,,,,,,,,,,,,,,,,,,,,,,,,,,,,,,,,,,,,,,,,,,,,,,,,,,,,,,JARABE DE VAINILLA,,LITRO,
791b665f-8b81-4f2b-af9a-607dc29e38b5,6a653d73-c078-4f33-a7a8-9ae2bcb47096,"{""porcion"":"""",""cantidad"":"""",""unidades"":""""}",,,Autor por defecto,Revisor por defecto,,,,,,,,,,,2025-06-18,Precalienta el horno a 175 °C (350 °F).,"Unta generosamente con mantequilla tres moldes para pastel de 23 cm (9”) de diámetro. Espolvorea una cucharada de harina en cada molde y sacude para cubrir bien el fondo y los lados, Coloca una hoja redonda de papel pergamino en el fondo de cada molde.","En un tazón grande, bate juntos los ingredientes secos: harina, azúcar, cacao en polvo, polvo para hornear, bicarbonato de sodio, sal","En otro tazón, mezcla los ingredientes líquidos: suero de leche (buttermilk), huevos, aceite vegetal",Agrega los ingredientes líquidos a los secos y bate hasta obtener una mezcla homogénea.,"Reparte la mezcla de manera uniforme entre los tres moldes.
Hornea durante 30–35 minutos o hasta que al insertar un palillo, este salga limpio.

Coloca los moldes sobre rejillas y deja enfriar durante al menos 30 minutos.

Desmolda con cuidado y deja que los pasteles se enfríen completamente sobre las rejillas.",,,,,,,,,,,,,,,1742cfce-a9f8-4ad3-b616-d760e1b70be1,"{""metric"":{""cuantity"":""260"",""units"":""gr""}}",6ea51224-266d-4bde-b882-5c0b2b095b7f,"{""metric"":{""cuantity"":""10"",""units"":""NaN""}}",c0fb6117-783d-4c7f-ab7e-decee06b82fb,"{""metric"":{""cuantity"":""7.2"",""units"":""gr""}}",29f6a690-c5eb-497b-aa8f-d354d0feeae1,"{""metric"":{""cuantity"":""6"",""units"":""gr""}}",a80d58f3-b569-4dc6-bd9f-1e1202f66d9e,"{""metric"":{""cuantity"":""80"",""units"":""gr""}}",789b3603-5bac-4a97-9afa-9a57a4cf42ff,"{""metric"":{""cuantity"":""42"",""units"":""gr""}}",27fff81a-e6c0-468a-aaed-d2e1c5aa0fa0,"{""metric"":{""cuantity"":""15"",""units"":""NaN""}}",e885259a-746a-41b0-8354-5b72f9a837b5,"{""metric"":{""cuantity"":""7"",""units"":""un""}}",ba61c4e0-54cb-4b6e-a892-ac964e518c80,"{""metric"":{""cuantity"":""180"",""units"":""ml""}}",ebfef608-1e9f-4229-9c1f-ec7d8d790594,"{""metric"":{""cuantity"":""450"",""units"":""gr""}}",ce33f90f-1184-4a39-badf-3437e1edaaec,"{""metric"":{""cuantity"":""1000"",""units"":""gr""}}",,,,,,,,,,,,,,,,,,,,,,,,,,,,,,,,,,,,,,,512a1760-5bc4-4ea5-a8eb-f9f76d2d2871,"{""metric"":{""cuantity"":""675"",""units"":""gr""}}",2e5c8f24-ed69-4f2f-a388-4a28c5ad3307,"{""metric"":{""cuantity"":""370"",""units"":""ml""}}",,,,,,,,,,,,,,,,,,,,,,,,,,,,,,,,,,,,,Torta Chocolate y Moras,,,
7945c52c-7b9f-4e5f-9bc0-a9eef02ebdbd,02690850-49f9-44fe-932b-e96291ede1a0,"{""porcion"":"""",""cantidad"":"""",""unidades"":""""}",,,Autor por defecto,Revisor por defecto,,,,,,,,,,,2025-04-05,,,,,,,,,,,,,,,,,,,,,cdb8cd55-be75-4348-a0d5-0c23abdbf3e4,"{""metric"":{""cuantity"":""1100"",""units"":""gr""}}",ae87e7d4-ad0a-4d3d-b0bd-9705a3279b85,"{""metric"":{""cuantity"":""180"",""units"":""gr""}}",e9601ff9-806d-4cc0-8966-24ffd00ef5f1,"{""metric"":{""cuantity"":""90"",""units"":""ml""}}",63fc02c1-a3df-4995-a036-134528cedc8b,"{""metric"":{""cuantity"":""300"",""units"":""gr""}}",1c380f12-f343-4cca-b6a0-f2622f478ce4,"{""metric"":{""cuantity"":""9"",""units"":""gr""}}",291c4af0-a23a-4d03-9c87-fe56f16eb600,"{""metric"":{""cuantity"":""3.5"",""units"":""gr""}}",6ea51224-266d-4bde-b882-5c0b2b095b7f,"{""metric"":{""cuantity"":""10"",""units"":""gr""}}",a6f95545-33f1-4940-b399-6ddf70008283,"{""metric"":{""cuantity"":""200"",""units"":""ml""}}",,,,,,,,,,,,,,,,,,,,,,,,,,,,,,,,,,,,,,,,,,,,,,,,,,,,,,,,,,,,,,,,,,,,,,,,,,,,,,,,,,,,,Relleno Manzana Pie,,,
7d19f154-6a65-44cd-a487-663dc32278c6,2d0ea853-8f24-41cb-ae40-d06a6504efe2,"{""porcion"":"""",""cantidad"":"""",""unidades"":""""}",,,Autor por defecto,Revisor por defecto,,,,,,,,,,,2025-09-22,"Con el jengibre molido, se debe dejar reposando en un litro de agua caliente durante 15 minutos.","Agregar el agua infusionada con jengibre, el jengibre y el azúcar dentro de la licuadora.","Licuar todos los ingredientes juntos durante 5 minutos. ",Colar toda la mezcla con el colador de malla fina.,"Finalmente, almacenar en un recipiente seco y limpio, y etiquetar.",,,,,,,,,,,,,,,,ebfef608-1e9f-4229-9c1f-ec7d8d790594,"{""metric"":{""cuantity"":500,""units"":""gr""}}",2c8c89ed-3f0d-4a1d-a6a4-36c1f2c3fc3d,"{""metric"":{""cuantity"":""1"",""units"":""li""}}",bb1e5765-e0a7-4782-837a-6fe138fc6dee,"{""metric"":{""cuantity"":""100"",""units"":""gr""}}",,,,,,,,,,,,,,,,,,,,,,,,,,,,,,,,,,,,,,,,,,,,,,,,,,,,,,,,,,,,,,,,,,,,,,,,,,,,,,,,,,,,,,,,,,,,,,,JARABE JENGIBRE,,,
860d54fe-648c-42df-b37b-5e5ff8936df8,ef6050a1-be9e-418f-ab14-93cf1b69f896,"{""porcion"":""10"",""cantidad"":""1500"",""unidades"":""gr""}",,,Autor por defecto,Revisor por defecto,,,,,,,,,,,2025-07-21,"Tatemar los pimentones en una fuego abierto o asador de carbon, quemandolos hasta quedar totalmente negros , y luego , derjarlos sudando en un recipiente tapado , una vez frios se pueden pelar con auga en un cuenco grande , tratando de no ","mientras los pimentones se tateman , cocina los tomantes hasta que la cascara se rompa , luego , pelarlos y guardar las piles para procesar y colar , añadiendo el liquido resultante junto con los tomates picados en cuadros grandos , recerbar ","picar las cebollas en julianas de 2 mm de ancho ",,,,,,,,,,,,,,,,,,5a8816ec-5600-4884-b087-79b8dd9df8db,"{""metric"":{""cuantity"":""2"",""units"":""gr""}}",e9edfd5b-966b-412e-9cd7-57f3bb34aa32,"{""metric"":{""cuantity"":""2"",""units"":""gr""}}",a2a3dc1a-34cc-4d7b-9fbc-8d61b7e2068b,"{""metric"":{""cuantity"":""30"",""units"":""gr""}}",22b81ee3-356c-4770-8799-f81a7a536ad9,"{""metric"":{""cuantity"":""340"",""units"":""gr""}}",e62fe796-9ca2-41a7-a1f0-55d3a9ce99f4,"{""metric"":{""cuantity"":""30"",""units"":""ml""}}",6ea51224-266d-4bde-b882-5c0b2b095b7f,"{""metric"":{""cuantity"":""3"",""units"":""NaN""}}",c4bd69ae-4872-49db-b2e5-7f514b40175d,"{""metric"":{""cuantity"":""1"",""units"":""gr""}}",629b5d23-89e7-414d-abc9-2021781fab2f,"{""metric"":{""cuantity"":""60"",""units"":""gr""}}",80881b71-9886-4c57-b136-f2e0ff70fcde,"{""metric"":{""cuantity"":""800"",""units"":""gr""}}",,,,,,,,,,,,,,,,,,,,,,,,,,,,,,,,,,,,,,,,,,,,,,,,,,,,,,,,,,,,,,,,,,,,,,,,,,,,,,,,,,,Salsa Shakshukas,,gr,
8d471c41-c1a1-43c4-af73-d57d47876ce2,6d6c6c29-2760-4c98-972a-97c1366ad280,"{""porcion"":"""",""cantidad"":"""",""unidades"":""""}",,,Autor por defecto,Revisor por defecto,,,,,,,,,,,2025-01-16,"Según el rendimiento deseado, agregar de todos los ingredientes la misma cantidad al bowl de vidrio.",Batir con movimientos envolventes usando la batidora de mano e integrar bien la mezcla.,"Se finaliza cuando la espuma haya aumentado considerablemente su volumen, sea firme y se generen picos rectos de espuma en la punta de la batidora.","Se envasa en un recipiente, se marca y se guarda en la nevera de café.",,,,,,,,,,,,,,,,,2c8c89ed-3f0d-4a1d-a6a4-36c1f2c3fc3d,"{""metric"":{""cuantity"":""10"",""units"":""li""}}",,,,,,,,,,,,,,,,,,,,,,,,,,,,,,,,,,,,,,,,,,,,,,,,,,,,,,,,,,,,,,,,,,,,,,,,,,,,,,,,,,,,,,,,,,,,,,,,,,,ESPUMA DE CAFE,,,
941cf171-0ecd-48f0-9b46-1ce8de3bcb19,a182d9bd-ea65-45fa-b3bb-28ba2060187c,"{""porcion"":"""",""cantidad"":"""",""unidades"":""""}",null,,Autor por defecto,Revisor por defecto,,,,,,,,,,,2025-10-02,"Hacer mice on place de Los ingredientes, más detalles después ","Preparar moldes ","Precalentar el horno an350f o 180c ","Integrar, zanahoria rallada, gengubre rallado, leche cortada y vainilla , dejar aparte ","En un bowl aparte , se siernen y se combinan todos los ingredientes secos , usar batidor de mano para homogeneizar la mezcla 
","En el Bowl final de la mascla , añadir los azúcares y los huevos , batiendo con globo , hasta alcanzar ribbon o moño , luego vertir el aceite al hilo hasta hemuksificar la mescla y manteniendo el punto de ribbon ","Cambiando de gancho a lo de revólver , y agregar 8 en partes alternando entre secos y húmedos , (primeros y últimos secos )","Después de tener todos los ingredientes integrados, añadir nueces y revolver solo hasta convinar","Bertir 750 gramos de mescla en cada molde , hornear por 30 minutos y dejar enfriar para armar la torta ",,,,,,,,,,,,f6d7369b-9595-4c38-b505-17b5f0e0ab81,"{""metric"":{""cuantity"":908,""units"":""gr""}}",ccff3929-f50c-40d0-8ef3-e5757f53a93a,"{""metric"":{""cuantity"":14,""units"":""gr""}}",27fff81a-e6c0-468a-aaed-d2e1c5aa0fa0,"{""metric"":{""cuantity"":16,""units"":""NaN""}}",1742cfce-a9f8-4ad3-b616-d760e1b70be1,"{""metric"":{""cuantity"":650,""units"":""gr""}}",1c380f12-f343-4cca-b6a0-f2622f478ce4,"{""metric"":{""cuantity"":12,""units"":""gr""}}",29f6a690-c5eb-497b-aa8f-d354d0feeae1,"{""metric"":{""cuantity"":16,""units"":""gr""}}",6ea51224-266d-4bde-b882-5c0b2b095b7f,"{""metric"":{""cuantity"":12,""units"":""NaN""}}",c0fb6117-783d-4c7f-ab7e-decee06b82fb,"{""metric"":{""cuantity"":12,""units"":""gr""}}",bb1e5765-e0a7-4782-837a-6fe138fc6dee,"{""metric"":{""cuantity"":4,""units"":""gr""}}",d34b6662-32fe-4168-a4a4-458bbfc477a8,"{""metric"":{""cuantity"":2,""units"":""gr""}}",e885259a-746a-41b0-8354-5b72f9a837b5,"{""metric"":{""cuantity"":8,""units"":""un""}}",ebfef608-1e9f-4229-9c1f-ec7d8d790594,"{""metric"":{""cuantity"":300,""units"":""gr""}}",63fc02c1-a3df-4995-a036-134528cedc8b,"{""metric"":{""cuantity"":300,""units"":""gr""}}",ba61c4e0-54cb-4b6e-a892-ac964e518c80,"{""metric"":{""cuantity"":452,""units"":""ml""}}",,,,,,,,,,,,,,,,,,,,,,,,,,,,,,,,,2e5c8f24-ed69-4f2f-a388-4a28c5ad3307,"{""metric"":{""cuantity"":480,""units"":""ml""}}",872383c2-cb52-456f-bdc9-9c62442c3692,"{""metric"":{""cuantity"":300,""units"":""gr""}}",b4c5fab7-4243-469b-93df-3dd1b38b14f9,"{""metric"":{""cuantity"":1625,""units"":""gr""}}",,,,,,,,,,,,,,,,,,,,,,,,,,,,,,,,,,,Torta de Zanahoria,,,0
992df281-4219-4e62-8ff2-d404071a3e6d,c090a7ed-c177-4906-901f-1de7a7a89ed6,"{""porcion"":"""",""cantidad"":"""",""unidades"":""""}",,,Autor por defecto,Revisor por defecto,,,,,,,,,,,2024-12-19,,,,,,,,,,,,,,,,,,,,,80881b71-9886-4c57-b136-f2e0ff70fcde,"{""metric"":{""cuantity"":""1000"",""units"":""gr""}}",c68e02b0-6f86-409b-b92f-6b9389f98c79,"{""metric"":{""cuantity"":""500"",""units"":""gr""}}",,,,,,,,,,,,,,,,,,,,,,,,,,,,,,,,,,,,,,,,,,,,,,,,,,,,,,,,,,,,,,,,,,,,,,,,,,,,,,,,,,,,,,,,,,,,,,,,,Hogao,,,
999349a8-ab25-402c-a6ba-7e829860114d,2d0ea853-8f24-41cb-ae40-d06a6504efe2,"{""porcion"":""1"",""cantidad"":""1"",""unidades"":""LITRO""}",,,Autor por defecto,Revisor por defecto,,,,,,,,,,,2025-01-20,,,,,,,,,,,,,,,,,,,,,ebfef608-1e9f-4229-9c1f-ec7d8d790594,"{""metric"":{""cuantity"":""400"",""units"":""gr""}}",2c8c89ed-3f0d-4a1d-a6a4-36c1f2c3fc3d,"{""metric"":{""cuantity"":""1"",""units"":""li""}}",,,,,,,,,,,,,,,,,,,,,,,,,,,,,,,,,,,,,,,,,,,,,,,,,,,,,,,,,,,,,,,,,,,,,,,,,,,,,,,,,,,,,,,,,,,,,,,,,JARABE JENGIBRE,,LITRO,
9c6b9a5a-722e-42be-82b9-eaff1eb4b054,2629627f-021d-474b-a8f9-9c100f8e9445,"{""porcion"":"""",""cantidad"":"""",""unidades"":""""}",,,Autor por defecto,Revisor por defecto,,,,,,,,,,,2025-01-29,,,,,,,,,,,,,,,,,,,,,cff02a5a-5242-437b-bd37-0237df9d3df2,"{""metric"":{""cuantity"":""400"",""units"":null}}",ef33110e-8deb-4ce7-a3b9-2e3ce35aeed1,"{""metric"":{""cuantity"":""150"",""units"":""gr""}}",5fe7355b-0e2d-4f84-ab28-854cabecd6cb,"{""metric"":{""cuantity"":""120"",""units"":""NaN""}}",a2a3dc1a-34cc-4d7b-9fbc-8d61b7e2068b,"{""metric"":{""cuantity"":""10"",""units"":""gr""}}",6ea51224-266d-4bde-b882-5c0b2b095b7f,"{""metric"":{""cuantity"":""5"",""units"":""NaN""}}",e62fe796-9ca2-41a7-a1f0-55d3a9ce99f4,"{""metric"":{""cuantity"":""400"",""units"":""ml""}}",,,,,,,,,,,,,,,,,,,,,,,,,,,,,,,,,,,,,,,,,,,,,,,,,,,,,,,,,,,,,,,,,,,,,,,,,,,,,,,,,,,,,,,,,Pesto,,,
a34061d7-c06f-461b-9bdb-264fe16778c7,512a1760-5bc4-4ea5-a8eb-f9f76d2d2871,"{""porcion"":"""",""cantidad"":"""",""unidades"":""""}",,,Autor por defecto,Revisor por defecto,,,,,,,,,,,2025-01-21,,,,,,,,,,,,,,,,,,,,,946b8026-99ec-40c9-8c0d-323eaa9d601b,"{""metric"":{""cuantity"":""226"",""units"":""gr""}}",7b9e1e0b-d5d4-4853-8142-44b520be00c2,"{""metric"":{""cuantity"":""240"",""units"":""ml""}}",ebfef608-1e9f-4229-9c1f-ec7d8d790594,"{""metric"":{""cuantity"":""100"",""units"":""gr""}}",1742cfce-a9f8-4ad3-b616-d760e1b70be1,"{""metric"":{""cuantity"":""17"",""units"":""gr""}}",6ea51224-266d-4bde-b882-5c0b2b095b7f,"{""metric"":{""cuantity"":""10"",""units"":""NaN""}}",e885259a-746a-41b0-8354-5b72f9a837b5,"{""metric"":{""cuantity"":""4"",""units"":""un""}}",746d4f86-bde8-46a7-a582-e6dc4d4b38e4,"{""metric"":{""cuantity"":""284"",""units"":""gr""}}",27fff81a-e6c0-468a-aaed-d2e1c5aa0fa0,"{""metric"":{""cuantity"":""20"",""units"":""NaN""}}",,,,,,,,,,,,,,,,,,,,,,,,,,,,,,,,,,,,,,,,,,,,,,,,,,,,,,,,,,,,,,,,,,,,,,,,,,,,,,,,,,,,,ButterCream Suizo de Chocolate,,,
a8e85d44-315f-4974-8c9f-82954793736b,c6c43d77-4beb-4214-93eb-9921ad748874,"{""porcion"":"""",""cantidad"":"""",""unidades"":""""}",,,Autor por defecto,Revisor por defecto,,,,,,,,,,,2025-08-17,,,,,,,,,,,,,,,,,,,,,b80ef946-13b4-4952-9a40-881e41aaafa1,"{""metric"":{""cuantity"":""6000"",""units"":""gr""}}",f6d7369b-9595-4c38-b505-17b5f0e0ab81,"{""metric"":{""cuantity"":""600"",""units"":""gr""}}",72452133-3a11-4e62-895d-cb6fedc1bc05,"{""metric"":{""cuantity"":""1"",""units"":""un""}}",1de141db-86c1-44c3-afa3-c391e641321c,"{""metric"":{""cuantity"":""60"",""units"":""gr""}}",2c8c89ed-3f0d-4a1d-a6a4-36c1f2c3fc3d,"{""metric"":{""cuantity"":""4"",""units"":""li""}}",,,,,,,,,,,,,,,,,,,,,,,,,,,,,,,,,,,,,,,,,,,,,,,,,,,,,,,,,,,,,,,,,,,,,,,,,,,,,,,,,,,,,,,,,,,"Frijoles Verdes ",,,
ac88f7d5-882b-472e-a29d-8357fb484eff,0442d928-a0b5-49d8-9820-bdaac45203c8,"{""porcion"":"""",""cantidad"":"""",""unidades"":""""}",,,Autor por defecto,Revisor por defecto,,,,,,,,,,,2025-02-12,"Precalentar el horno a 175°C. Engrasar dos moldes de 8½x4½"" con aceite en spray y forrar con papel pergamino, dejando un margen en los lados largos.","En un tazón mediano, mezclar la harina, el bicarbonato de sodio y la sal.","En un tazón grande, batir con batidora eléctrica el azúcar morena, el mascarpone (o yogur/crema agria) y la mantequilla hasta obtener una mezcla ligera y esponjosa (aprox. 4 minutos).","Agregar los huevos uno a uno, batiendo bien después de cada adición y raspando los lados del tazón cuando sea necesario.","Reducir la velocidad y añadir los ingredientes secos, mezclando solo hasta integrar.",Incorporar los bananos triturados y mezclar hasta integrar. Agregar el chocolate y/o nueces si se utilizan.,Verter la mezcla en los moldes preparados y alisar la parte superior.,Hornear durante 60-65 minutos o hasta que un palillo insertado en el centro salga limpio.,Dejar enfriar en el molde por 1 hora antes de desmoldar.,,,,,,,,,,,,d7967890-35c1-43b2-81b9-a20f55caf910,"{""metric"":{""cuantity"":""376"",""units"":""gr""}}",6ea51224-266d-4bde-b882-5c0b2b095b7f,"{""metric"":{""cuantity"":""7"",""units"":""gr""}}",63fc02c1-a3df-4995-a036-134528cedc8b,"{""metric"":{""cuantity"":""400"",""units"":""gr""}}",e885259a-746a-41b0-8354-5b72f9a837b5,"{""metric"":{""cuantity"":""4"",""units"":""un""}}",469a57d6-509e-42d1-8eee-2930e56ef712,"{""metric"":{""cuantity"":""8"",""units"":""un""}}",946b8026-99ec-40c9-8c0d-323eaa9d601b,"{""metric"":{""cuantity"":""120"",""units"":""gr""}}",a8657a77-dfbb-485f-a753-935a15e7d795,"{""metric"":{""cuantity"":""120"",""units"":""gr""}}",746d4f86-bde8-46a7-a582-e6dc4d4b38e4,"{""metric"":{""cuantity"":""112"",""units"":""gr""}}",,,,,,,,,,,,,,,,,,,,,,,,,,,,,,,,,,,,,,,,,,,,,78ccabc2-4a2c-4626-b4e0-b767dab95cf5,"{""metric"":{""cuantity"":""160"",""units"":""NaN""}}",,,,,,,,,,,,,,,,,,,,,,,,,,,,,,,,,,,,,,,Torta Banano,,,
ad6e9aec-0be2-412e-a152-b2ac8759b133,9788167f-8f4c-4805-bfec-75df2764834d,"{""porcion"":"""",""cantidad"":"""",""unidades"":""""}",,,Autor por defecto,Revisor por defecto,,,,,,,,,,,2025-08-17,,,,,,,,,,,,,,,,,,,,,de64146e-43a1-47aa-a855-32538c22ce08,"{""metric"":{""cuantity"":""1000"",""units"":""NaN""}}",ba61c4e0-54cb-4b6e-a892-ac964e518c80,"{""metric"":{""cuantity"":""500"",""units"":""ml""}}",,,,,,,,,,,,,,,,,,,,,,,,,,,,,,,,,,,,,,,,,,,,,,,,,,,,,,,,,,,,,,,,,,,,,,,,,,,,,,,,,,,,,,,,,,,,,,,,,Platanitos fritos,,,
b13b257b-ccdb-4f0b-822e-d66e41e4b5ea,69d72ca2-6ed2-4cb9-9323-4a8cce85e275,"{""porcion"":"""",""cantidad"":"""",""unidades"":""""}",,,Autor por defecto,Revisor por defecto,,,,,,,,,,,2025-01-21,,,,,,,,,,,,,,,,,,,,,ce33f90f-1184-4a39-badf-3437e1edaaec,"{""metric"":{""cuantity"":""500"",""units"":""gr""}}",dc8cf03b-7cdb-4909-b0b0-92e1c6b15bbf,"{""metric"":{""cuantity"":""500"",""units"":""gr""}}",99c28780-3c91-4def-97d0-34cd35607630,"{""metric"":{""cuantity"":""500"",""units"":""gr""}}",2c8c89ed-3f0d-4a1d-a6a4-36c1f2c3fc3d,"{""metric"":{""cuantity"":"".200"",""units"":""li""}}",ebfef608-1e9f-4229-9c1f-ec7d8d790594,"{""metric"":{""cuantity"":""300"",""units"":""gr""}}",39ae2d90-e97d-4e25-8d63-817d3a7c3f3c,"{""metric"":{""cuantity"":""30"",""units"":""ml""}}",,,,,,,,,,,,,,,,,,,,,,,,,,,,,,,,,,,,,,,,,,,,,,,,,,,,,,,,,,,,,,,,,,,,,,,,,,,,,,,,,,,,,,,,,Frutos Rojos,,,
b2bf5ebc-8ca3-4fc7-a963-0ec8c9a427a7,dece5372-21d1-41b2-b53e-5fa30aebe67f,"{""porcion"":""12"",""cantidad"":""12"",""unidades"":""un""}",,,Autor por defecto,Revisor por defecto,,,,,,,,,,,2025-08-11,"Derretir la mantequilla en una olla grande, una vez derretida pero sin espumar , apagar y dejar enfriar",Unir todos los ingredientes secos en un bowl y revolver para tener una mezcla homogénea,Con la mantequilla a temperatura ambiente revolver todos los ingredientes hasta que todos los secos queden bien hidratados.,,,,,,,,,,,,,,,,,,1c380f12-f343-4cca-b6a0-f2622f478ce4,"{""metric"":{""cuantity"":""8"",""units"":""gr""}}",0f2ddb36-2b70-4845-8c57-e8a142829afa,"{""metric"":{""cuantity"":""50"",""units"":""gr""}}",ba9fb4d5-99bf-4911-b9dc-ad7c7576c8f7,"{""metric"":{""cuantity"":""100"",""units"":""gr""}}",746d4f86-bde8-46a7-a582-e6dc4d4b38e4,"{""metric"":{""cuantity"":""59"",""units"":""gr""}}",,,,,,,,,,,,,,,,,,,,,,,,,,,,,,,,,,,,,,,,,,,,,,,,,,,,,,,,,,,,,,,,,,,,,,,,,,,,,,,,,,,,,,,,,,,,,Relleno Rollo de Canela,,un,2
b5b9ccd0-85a7-4530-90a2-779d21074da2,8b9a49c8-a023-44c3-a0e2-11d326f57588,"{""porcion"":"""",""cantidad"":"""",""unidades"":""""}",,,Autor por defecto,Revisor por defecto,,,,,,,,,,,2025-08-19,,,,,,,,,,,,,,,,,,,,,a5372f56-7be5-40ad-a625-25988413d25d,"{""metric"":{""cuantity"":""150"",""units"":""gr""}}",80881b71-9886-4c57-b136-f2e0ff70fcde,"{""metric"":{""cuantity"":""240"",""units"":""gr""}}",818e1345-bc56-4211-b881-9c847d5040d5,"{""metric"":{""cuantity"":""1"",""units"":""srv""}}",,,,,,,,,,,,,,,,,,,,,,,,,,,,,,,,,,,,,,,,,,,,,,,,,,,,,,,7e3d6cdb-e0a9-41f5-a096-f42f6cdebb9e,"{""metric"":{""cuantity"":""50"",""units"":""gr""}}",39263e15-4111-4137-9e24-eebd0b612d53,"{""metric"":{""cuantity"":""125"",""units"":""gr""}}",,,,,,,,,,,,,,,,,,,,,,,,,,,,,,,,,,,,,Ensalada Generica,,,
bd721250-e96e-4c42-95ed-d6fa37d407ab,3dfb1f64-9cb6-410a-86a6-3c7af3c2f552,"{""porcion"":"""",""cantidad"":"""",""unidades"":""""}",,,Autor por defecto,Revisor por defecto,,,,,,,,,,,2025-04-09,,,,,,,,,,,,,,,,,,,,,63fc02c1-a3df-4995-a036-134528cedc8b,"{""metric"":{""cuantity"":""5"",""units"":""gr""}}",e885259a-746a-41b0-8354-5b72f9a837b5,"{""metric"":{""cuantity"":""0.2"",""units"":""un""}}",,,,,,,,,,,,,,,,,,,,,,,,,,,,,,,,,,,,,,,,,,,,,,,,,,,,,,,,,65b390c5-3395-4505-b981-16e885ca2856,"{""metric"":{""cuantity"":""120"",""units"":""gr""}}",02690850-49f9-44fe-932b-e96291ede1a0,"{""metric"":{""cuantity"":""80"",""units"":""gr""}}",,,,,,,,,,,,,,,,,,,,,,,,,,,,,,,,,,,,,Pie de Manzana Individual,,,
c23058b7-1696-4b3b-adf3-ae93e5f161c9,1f044127-5cf0-4026-a078-1fd73cdf0390,"{""porcion"":"""",""cantidad"":"""",""unidades"":""""}",,,Autor por defecto,Revisor por defecto,,,,,,,,,,,2025-03-26,"Precalienta el horno (190°C). Distribuye la avena sobre una bandeja para hornear con borde y tuéstala hasta que esté ligeramente dorada, aproximadamente 6 minutos. Deja enfriar ligeramente"," En un recipiente mediano, bate la harina de uso múltiple, sal kosher ,bicarbonato de sodio, canela molida y nuez moscada recién molida las nueces e incorpora la avena enfriada.","Con una batidora eléctrica a velocidad media, bate la mantequilla sin sal a temperatura ambiente, la azúcar morena y el azúcar granulada en un tazón grande. Raspa los lados del tazón y mezcla hasta que esté suave y esponjoso, de 3 a 4 minutos. Agrega el huevo a temperatura ambiente, reducción de sazonador de manzana o miel y el  extracto o pasta de vainilla. Bate hasta que se incorpore, aproximadamente 1 minuto. Reduce la velocidad al mínimo; añade la mezcla de harina y pasas. Continúa mezclando, raspando los lados y el fondo del tazón, hasta que esté combinado. Deja reposar a temperatura ambiente por al menos 1 hora para que la avena se hidrate.",Precalienta el horno a (175°C). Forra 2 bandejas para hornear con papel encerado. Forma bolitas de 55 gramos dejando 5 cm entre cada galleta.,"Hornea las galletas, rotando las bandejas a la mitad del tiempo, hasta que los bordes estén dorados y firmes, pero los centros sigan suaves, de 15 a 20 minutos. Déjalas reposar en las bandejas durante 10 minutos, luego transfiérelas a rejillas de enfriamiento y déjalas enfriar completamente.",,,,,,,,,,,,,,,,ebda8286-11db-430c-b5e0-c54e05e1dfe6,"{""metric"":{""cuantity"":""350"",""units"":""gr""}}",1742cfce-a9f8-4ad3-b616-d760e1b70be1,"{""metric"":{""cuantity"":""245"",""units"":""gr""}}",6ea51224-266d-4bde-b882-5c0b2b095b7f,"{""metric"":{""cuantity"":""5"",""units"":""NaN""}}",29f6a690-c5eb-497b-aa8f-d354d0feeae1,"{""metric"":{""cuantity"":""4"",""units"":""gr""}}",1c380f12-f343-4cca-b6a0-f2622f478ce4,"{""metric"":{""cuantity"":""3"",""units"":""gr""}}",291c4af0-a23a-4d03-9c87-fe56f16eb600,"{""metric"":{""cuantity"":""1"",""units"":""gr""}}",d34b6662-32fe-4168-a4a4-458bbfc477a8,"{""metric"":{""cuantity"":""1"",""units"":""gr""}}",746d4f86-bde8-46a7-a582-e6dc4d4b38e4,"{""metric"":{""cuantity"":""335"",""units"":""gr""}}",ebfef608-1e9f-4229-9c1f-ec7d8d790594,"{""metric"":{""cuantity"":""315"",""units"":""gr""}}",e885259a-746a-41b0-8354-5b72f9a837b5,"{""metric"":{""cuantity"":""2"",""units"":""un""}}",f37b23a5-bac9-4e89-8dc1-87d516ab5cb9,"{""metric"":{""cuantity"":""85"",""units"":""NaN""}}",27fff81a-e6c0-468a-aaed-d2e1c5aa0fa0,"{""metric"":{""cuantity"":""16"",""units"":""NaN""}}",52933ed9-2f05-4405-9acb-77f42597bca0,"{""metric"":{""cuantity"":""300"",""units"":""gr""}}",2c8c89ed-3f0d-4a1d-a6a4-36c1f2c3fc3d,"{""metric"":{""cuantity"":""200"",""units"":""li""}}",,,,,,,,,,,,,,,,,,,,,,,,,,,,,,,,,872383c2-cb52-456f-bdc9-9c62442c3692,"{""metric"":{""cuantity"":""200"",""units"":""gr""}}",,,,,,,,,,,,,,,,,,,,,,,,,,,,,,,,,,,,,,,Galletas de Avena,,,
c7ce94cb-92a9-402a-b4af-745ccc2aee8f,d7d01528-ee4a-4762-ab9c-d0b48639ff2f,"{""porcion"":"""",""cantidad"":"""",""unidades"":""""}",,,Autor por defecto,Revisor por defecto,,,,,,,,,,,2025-08-19,,,,,,,,,,,,,,,,,,,,,e7678df1-ed71-46a9-9438-50f40d67794d,"{""metric"":{""cuantity"":""225"",""units"":null}}",56f914cc-2889-483d-876d-9bf5898f7d73,"{""metric"":{""cuantity"":""700"",""units"":null}}",a2a3dc1a-34cc-4d7b-9fbc-8d61b7e2068b,"{""metric"":{""cuantity"":""60"",""units"":""gr""}}",98512cf7-5a91-4d50-8dbb-ceec70f6bb64,"{""metric"":{""cuantity"":""2"",""units"":""gr""}}",c4bd69ae-4872-49db-b2e5-7f514b40175d,"{""metric"":{""cuantity"":""5"",""units"":""gr""}}",1de141db-86c1-44c3-afa3-c391e641321c,"{""metric"":{""cuantity"":""90"",""units"":""gr""}}",ebfef608-1e9f-4229-9c1f-ec7d8d790594,"{""metric"":{""cuantity"":""80"",""units"":""gr""}}",2c8c89ed-3f0d-4a1d-a6a4-36c1f2c3fc3d,"{""metric"":{""cuantity"":""2"",""units"":""li""}}",,,,,,,,,,,,,,,,,,,,,,,,,,,,,,,,,,,,,,,,,,,,,,,,,,,,,,,,,,,,,,,,,,,,,,,,,,,,,,,,,,,,,Salsa Picante Lactofementada,,,
ca80e3de-8f00-4f20-95c8-c672bc3558e3,4c3e40be-d28b-43b4-9b89-54c68f364c22,"{""porcion"":"""",""cantidad"":"""",""unidades"":""""}",,,Autor por defecto,Revisor por defecto,,,,,,,,,,,2025-08-03,"Derretir la mantequilla ","Agregar todos los ingredientes a la licuadora por 2 minutos, luego dejar reposar por mínimo 1 hora ","En una sartén antiaderente debidamente pre calentado , a fue medio alto, verter una 1/3 de copa por cada crepe o segun sea la preparacion , esparciendo por toda la superficie la mezcla, inclinando la paila o ayudado por un espatula ","dejar cocinar sin tocar, por 1 minuto o hasta que los bordes esten crocantes y cafe claro , voltear rapidamente y cocinar por medio minuto en la otra cara , ","guardar en un trapo mientras se enfria,",,,,,,,,,,,,,,,,d7967890-35c1-43b2-81b9-a20f55caf910,"{""metric"":{""cuantity"":""300"",""units"":""gr""}}",ebfef608-1e9f-4229-9c1f-ec7d8d790594,"{""metric"":{""cuantity"":""135"",""units"":""gr""}}",e885259a-746a-41b0-8354-5b72f9a837b5,"{""metric"":{""cuantity"":""4"",""units"":""un""}}",27fff81a-e6c0-468a-aaed-d2e1c5aa0fa0,"{""metric"":{""cuantity"":""5"",""units"":""ml""}}",6ea51224-266d-4bde-b882-5c0b2b095b7f,"{""metric"":{""cuantity"":""3"",""units"":""gr""}}",746d4f86-bde8-46a7-a582-e6dc4d4b38e4,"{""metric"":{""cuantity"":""55"",""units"":""gr""}}",7b9e1e0b-d5d4-4853-8142-44b520be00c2,"{""metric"":{""cuantity"":""551"",""units"":""ml""}}",,,,,,,,,,,,,,,,,,,,,,,,,,,,,,,,,,,,,,,,,,,,,,,,,,,,,,,,,,,,,,,,,,,,,,,,,,,,,,,,,,,,,,,Masa Crepe,,,8
cb1b753c-6bd9-4f3c-a350-4ca6e3f641b6,4c950656-6191-4440-983e-65413d05ede2,"{""porcion"":"""",""cantidad"":""1"",""unidades"":""Litro""}",null,,Autor por defecto,Revisor por defecto,,,,,,,,,,,2025-10-02,"Verter en una olla las cantidades indicadas de agua caliente, azúcar y romero.",Dejar reducir la mezcla previa a fuego medio-alto durante 15 m.,Luego dejar otros 15 m a fuego bajo.,Retirar el jarabe y dejar reposar hasta llegar a temperatura ambiente.,"Una vez el jarabe se encuentre a temperatura ambiente, agregar el zumo de limón e integrar revolviendo.",,,,,,,,,,,,,,,,2c8c89ed-3f0d-4a1d-a6a4-36c1f2c3fc3d,"{""metric"":{""cuantity"":1,""units"":""li""}}",ebfef608-1e9f-4229-9c1f-ec7d8d790594,"{""metric"":{""cuantity"":500,""units"":""gr""}}",ae87e7d4-ad0a-4d3d-b0bd-9705a3279b85,"{""metric"":{""cuantity"":500,""units"":""gr""}}",a91ad977-7e06-438c-be13-81f186d83215,"{""metric"":{""cuantity"":250,""units"":""gr""}}",,,,,,,,,,,,,,,,,,,,,,,,,,,,,,,,,,,,,,,,,,,,,,,,,,,,,,,,,,,,,,,,,,,,,,,,,,,,,,,,,,,,,,,,,,,,,JARABE ROMERO Y LIMÓN TAHITÍ,,Litro,20
d3f9acf7-fd60-4d2f-b404-26be4a301e17,46e95ffc-ab5f-4b19-aa20-54b5eaa06182,"{""porcion"":"""",""cantidad"":""1000"",""unidades"":""ml""}",,,Autor por defecto,Revisor por defecto,,,,,,,,,,,2025-05-03,Juntar todos los ingredientes en una olla.,Primero agregar los ingredientes en seco (chai. Canela y azúcar).,Agregar agua caliente a los ingredientes en seco.,"Después llevarlos al fuego, hasta que la mezcla llegue al punto de ebullición.","Una vez en punto de ebullición, bajar el fuego al mínimo.","Y, dejar el jarabe en fuego bajo por 15 min.",Colar la flor de jamaica del líquido (jarabe) y repetir el proceso de nuevo,,,,,,,,,,,,,,2c8c89ed-3f0d-4a1d-a6a4-36c1f2c3fc3d,"{""metric"":{""cuantity"":""900"",""units"":""li""}}",ebfef608-1e9f-4229-9c1f-ec7d8d790594,"{""metric"":{""cuantity"":""300"",""units"":""gr""}}",d47a7bff-b274-43de-be52-f24b4bbe616e,"{""metric"":{""cuantity"":""9"",""units"":""gr""}}",13e0c964-81ba-47eb-8b75-afbad39d8c0b,"{""metric"":{""cuantity"":""1.5"",""units"":""gr""}}",d34b6662-32fe-4168-a4a4-458bbfc477a8,"{""metric"":{""cuantity"":""25"",""units"":""gr""}}",,,,,,,,,,,,,,,,,,,,,,,,,,,,,,,,,,,,,,,,,,,,,,,,,,,,,,,,,,,,,,,,,,,,,,,,,,,,,,,,,,,,,,,,,,,JARABE FLOR DE JAMAICA,,ml,
d4a86134-2fbf-4da9-8c2a-d6d1b2399583,65b390c5-3395-4505-b981-16e885ca2856,"{""porcion"":"""",""cantidad"":"""",""unidades"":""""}",,,Autor por defecto,Revisor por defecto,,,,,,,,,,,2025-02-11,"en el procesador de alimentos Vertir la sal , el azucar y la harina, luego pulsar varias veces para homogeneisar la harina , ","con la cuchilla de rallar , previamente enfriada , rallar la mantequilla congelada , esta debe estar cortada en barras ","luego que toda la mantequilla se ralle añadro el agua lo mas fria posible se vierte de apocos entre 60 y 120 ml de agua en hielo , hasta que la mesacla esta lijeramente hidratada , como arena humeda ,","luego tranferir a superficie de trabajo , y moldear ","refrigerar por lo menos 30 minutos y sacar para volver a formar y usar ",,,,,,,,,,,,,,,,1742cfce-a9f8-4ad3-b616-d760e1b70be1,"{""metric"":{""cuantity"":""370"",""units"":""gr""}}",63fc02c1-a3df-4995-a036-134528cedc8b,"{""metric"":{""cuantity"":""15"",""units"":""gr""}}",1de141db-86c1-44c3-afa3-c391e641321c,"{""metric"":{""cuantity"":""7"",""units"":""gr""}}",746d4f86-bde8-46a7-a582-e6dc4d4b38e4,"{""metric"":{""cuantity"":""260"",""units"":""gr""}}",2c8c89ed-3f0d-4a1d-a6a4-36c1f2c3fc3d,"{""metric"":{""cuantity"":""60"",""units"":""li""}}",503f05fa-fc9b-4618-9824-b0c4b7cf65ef,"{""metric"":{""cuantity"":""60"",""units"":""gr""}}",,,,,,,,,,,,,,,,,,,,,,,,,,,,,,,,,,,,,,,,,,,,,,,,,,,,,,,,,,,,,,,,,,,,,,,,,,,,,,,,,,,,,,,,,Base Pie,,,
e0662ba6-5dc9-4f3d-8737-5da3c2b7ae2b,5f6dc8ba-0218-4467-b5ac-7d921ad4bf71,"{""porcion"":""1 LITRO"",""cantidad"":""1"",""unidades"":""LITRO""}",,,Autor por defecto,Revisor por defecto,,,,,,,,,,,2025-01-20,Verter en una olla las cantidades indicadas de agua caliente y panela (esta última puede ser granulada o trozos completos),Dejar reducir la mezcla previa a fuego medio-alto durante 15 m,Luego dejar otros 15 m a fuego bajo,Retirar el jarabe del fuego y dejar reposar hasta llegar a temperatura ambiente,"Una vez el jarabe se encuentre a temperatura ambiente, agregar el zumo de naranja e integrar revolviendo ",Finalmente sumergir las cascaras de naranja al jarabe ya finalizado,,,,,,,,,,,,,,,80b4dbbf-281d-4c78-a54b-b520055c4eb0,"{""metric"":{""cuantity"":""600"",""units"":""NaN""}}",ba9fb4d5-99bf-4911-b9dc-ad7c7576c8f7,"{""metric"":{""cuantity"":""500"",""units"":""gr""}}",2c8c89ed-3f0d-4a1d-a6a4-36c1f2c3fc3d,"{""metric"":{""cuantity"":""800"",""units"":""li""}}",0faf1b62-cff5-47c2-86ed-e7b4ff88746b,"{""metric"":{""cuantity"":""1"",""units"":""gr""}}",,,,,,,,,,,,,,,,,,,,,,,,,,,,,,,,,,,,,,,,,,,,,,,,,,,,,,,,,,,,,,,,,,,,,,,,,,,,,,,,,,,,,,,,,,,,,Jarabe de Naranja y Panela,,LITRO,
e68cf37d-beb1-4088-8542-a3b4ddd95135,39263e15-4111-4137-9e24-eebd0b612d53,"{""porcion"":"""",""cantidad"":"""",""unidades"":""""}",,,Autor por defecto,Revisor por defecto,,,,,,,,,,,2025-08-19,,,,,,,,,,,,,,,,,,,,,1de141db-86c1-44c3-afa3-c391e641321c,"{""metric"":{""cuantity"":""3"",""units"":""gr""}}",c4bd69ae-4872-49db-b2e5-7f514b40175d,"{""metric"":{""cuantity"":""1"",""units"":""gr""}}",e62fe796-9ca2-41a7-a1f0-55d3a9ce99f4,"{""metric"":{""cuantity"":""55"",""units"":""ml""}}",80b4dbbf-281d-4c78-a54b-b520055c4eb0,"{""metric"":{""cuantity"":""60"",""units"":""NaN""}}",,,,,,,,,,,,,,,,,,,,,,,,,,,,,,,,,,,,,,,,,,,,,,,,,,,,,107eb960-26fa-4adf-b6bc-7de5bf5c09aa,"{""metric"":{""cuantity"":""5"",""units"":null}}",,,,,,,,,,,,,,,,,,,,,,,,,,,,,,,,,,,,,,,Vinagreta de naranja,,,
ef730bef-76d9-49f4-ba3c-8fbc7281abab,d7d01528-ee4a-4762-ab9c-d0b48639ff2f,"{""porcion"":"""",""cantidad"":"""",""unidades"":""""}",,,Autor por defecto,Revisor por defecto,,,,,,,,,,,2025-08-19,"Usando guantes y con cuidado de no tocar la cara u otras áreas sensibles, quitarle el tallo y las semillas a los chiles.",Preparar los demás ingredientes cortados en troncos gruesos.,"Preparar la salmuera uniendo la sal, el azúcar , el agua y las demás especias en él frasco, separando la mitad del líquido antes de poner los chiles y los otros ingredientes,  para terminar de llenar ","Tapar bien pero eructando todos los días hasta, durante aproximadamente 2 semanas ","Sacar del frasco , procesar y separar material más grueso , almacenar, etiquetado y en un lugar frío ",,,,,,,,,,,,,,,,e7678df1-ed71-46a9-9438-50f40d67794d,"{""metric"":{""cuantity"":""225"",""units"":null}}",56f914cc-2889-483d-876d-9bf5898f7d73,"{""metric"":{""cuantity"":""700"",""units"":null}}",a2a3dc1a-34cc-4d7b-9fbc-8d61b7e2068b,"{""metric"":{""cuantity"":""120"",""units"":""gr""}}",98512cf7-5a91-4d50-8dbb-ceec70f6bb64,"{""metric"":{""cuantity"":""4"",""units"":""gr""}}",c4bd69ae-4872-49db-b2e5-7f514b40175d,"{""metric"":{""cuantity"":""9"",""units"":""gr""}}",1de141db-86c1-44c3-afa3-c391e641321c,"{""metric"":{""cuantity"":""180"",""units"":""gr""}}",ebfef608-1e9f-4229-9c1f-ec7d8d790594,"{""metric"":{""cuantity"":""160"",""units"":""gr""}}",2c8c89ed-3f0d-4a1d-a6a4-36c1f2c3fc3d,"{""metric"":{""cuantity"":""3"",""units"":""li""}}",629b5d23-89e7-414d-abc9-2021781fab2f,"{""metric"":{""cuantity"":""300"",""units"":""gr""}}",22b81ee3-356c-4770-8799-f81a7a536ad9,"{""metric"":{""cuantity"":""100"",""units"":""gr""}}",,,,,,,,,,,,,,,,,,,,,,,,,,,,,,,,,,,,,,,,,,,,,,,,,,,,,,,,,,,,,,,,,,,,,,,,,,,,,,,,,Salsa Picante Lactofementada,,,
f8a7d50c-31e2-4afa-8790-2c07bb136409,e668df03-1f26-40d1-91af-7bb98a1d318d,"{""porcion"":"""",""cantidad"":"""",""unidades"":""""}",,,Autor por defecto,Revisor por defecto,,,,,,,,,,,2025-08-17,,,,,,,,,,,,,,,,,,,,,1c05cd48-f587-4f8b-9381-8b1383d1c2fd,"{""metric"":{""cuantity"":""190"",""units"":""gr""}}",2c8c89ed-3f0d-4a1d-a6a4-36c1f2c3fc3d,"{""metric"":{""cuantity"":""0.5"",""units"":""li""}}",6ea51224-266d-4bde-b882-5c0b2b095b7f,"{""metric"":{""cuantity"":""8"",""units"":""gr""}}",ba61c4e0-54cb-4b6e-a892-ac964e518c80,"{""metric"":{""cuantity"":""30"",""units"":""ml""}}",,,,,,,,,,,,,,,,,,,,,,,,,,,,,,,,,,,,,,,,,,,,,,,,,,,,,,,,,,,,,,,,,,,,,,,,,,,,,,,,,,,,,,,,,,,,,Arroz Blanco Cocinado,,,
fba28b68-4dda-495f-be46-214cb41f3c48,24bb7c6d-9dbe-48de-a612-8639f27e1aa8,"{""porcion"":"""",""cantidad"":"""",""unidades"":""""}",,,Autor por defecto,Revisor por defecto,,,,,,,,,,,2025-02-06,"En el bowl final ponemos la harina, huevos, azúcar, sal, aceite y tangzhong (ojooo, todos los ingredientes deben estar previamente refrigerados) ","Procedemos a batir con gancho hasta conseguir una mezcla homogénea ",Empezamos a verter poco a poco la mantequilla mientras se está batiendo   Hasta que pase la “prueba de la ventana”,"A la masa final, se le hacen dobleces y se pone en un recipiente hermético lo suficientemente grande para que pueda crecer entre el doble y triple de su tamaño, dejando fermentar de 8 a 36 horas ","Pasado este tiempo se procede a hacer las formaciones de pan que se puedan necesitar ","Se dejan leudar aproximadamente 2 horas por cada 100 gramos a 500 gramos, y por cada 100g más, una hora adicional ",,,,,,,,,,,,,,,d7967890-35c1-43b2-81b9-a20f55caf910,"{""metric"":{""cuantity"":""1470"",""units"":""gr""}}",e885259a-746a-41b0-8354-5b72f9a837b5,"{""metric"":{""cuantity"":""12"",""units"":""un""}}",ba61c4e0-54cb-4b6e-a892-ac964e518c80,"{""metric"":{""cuantity"":""90"",""units"":""ml""}}",ebfef608-1e9f-4229-9c1f-ec7d8d790594,"{""metric"":{""cuantity"":""150"",""units"":""gr""}}",6ea51224-266d-4bde-b882-5c0b2b095b7f,"{""metric"":{""cuantity"":""30"",""units"":""NaN""}}",746d4f86-bde8-46a7-a582-e6dc4d4b38e4,"{""metric"":{""cuantity"":""339"",""units"":""gr""}}",e7cf2454-12db-44b8-93a3-df6a31b8d777,"{""metric"":{""cuantity"":""27"",""units"":null}}",,,,,,,,,,,,,,,,,,,,,,,,,,,,,,,,,,,,,,,,,,,,,,,cf554caf-dfcb-4edb-a935-81d1f830d962,"{""metric"":{""cuantity"":""800"",""units"":""gr""}}",,,,,,,,,,,,,,,,,,,,,,,,,,,,,,,,,,,,,,,Pan ZhanYong,,,